week,city,channel,spend,impressions,clicks,attributed_conversions
2024-01-01,Berlin,Google Ads,9913.94,371111,11227,517
2024-01-01,Berlin,Meta,8980.36,262521,5488,382
2024-01-01,Berlin,Email,0.0,19937,750,48
2024-01-01,Berlin,Organic,0.0,34340,969,66
2024-01-01,Berlin,Affiliate,2882.0,98249,2417,136
2024-01-08,Berlin,Google Ads,10441.04,303836,9200,612
2024-01-08,Berlin,Meta,9525.14,340934,5637,365
2024-01-08,Berlin,Email,0.0,13458,511,28
2024-01-08,Berlin,Organic,0.0,35827,965,46
2024-01-08,Berlin,Affiliate,3037.2,119620,4095,143
2024-01-15,Berlin,Google Ads,9219.54,280358,7529,508
2024-01-15,Berlin,Meta,8941.59,293663,7073,483
2024-01-15,Berlin,Email,0.0,16234,706,52
2024-01-15,Berlin,Organic,0.0,35478,1161,65
2024-01-15,Berlin,Affiliate,2846.0,104726,2419,74
2024-01-22,Berlin,Google Ads,10067.41,378298,7173,444
2024-01-22,Berlin,Meta,8768.54,325844,4930,287
2024-01-22,Berlin,Email,0.0,12452,626,61
2024-01-22,Berlin,Organic,0.0,34905,958,75
2024-01-22,Berlin,Affiliate,3070.68,116419,2747,177
2024-01-29,Berlin,Google Ads,10253.2,332739,8666,471
2024-01-29,Berlin,Meta,8912.34,342034,10005,616
2024-01-29,Berlin,Email,0.0,8779,281,14
2024-01-29,Berlin,Organic,0.0,22941,459,32
2024-01-29,Berlin,Affiliate,2625.98,74398,2266,80
2024-02-05,Berlin,Google Ads,9597.71,332989,5961,361
2024-02-05,Berlin,Meta,9149.4,342377,8253,411
2024-02-05,Berlin,Email,0.0,17639,570,35
2024-02-05,Berlin,Organic,0.0,16067,573,44
2024-02-05,Berlin,Affiliate,3151.49,116888,2147,84
2024-02-12,Berlin,Google Ads,9775.73,322283,10857,423
2024-02-12,Berlin,Meta,9620.85,270928,8364,549
2024-02-12,Berlin,Email,0.0,13228,412,26
2024-02-12,Berlin,Organic,0.0,32997,1296,101
2024-02-12,Berlin,Affiliate,2861.1,99753,3312,155
2024-02-19,Berlin,Google Ads,10029.3,362763,7042,300
2024-02-19,Berlin,Meta,9231.92,270156,4596,199
2024-02-19,Berlin,Email,0.0,12875,443,23
2024-02-19,Berlin,Organic,0.0,39499,1157,80
2024-02-19,Berlin,Affiliate,2945.53,104172,2975,107
2024-02-26,Berlin,Google Ads,8824.01,302160,10192,607
2024-02-26,Berlin,Meta,9358.98,356629,12428,493
2024-02-26,Berlin,Email,0.0,13645,485,43
2024-02-26,Berlin,Organic,0.0,24321,496,31
2024-02-26,Berlin,Affiliate,2961.13,116073,3638,214
2024-03-04,Berlin,Google Ads,9757.6,291875,4577,199
2024-03-04,Berlin,Meta,9229.92,283381,8114,369
2024-03-04,Berlin,Email,0.0,10705,534,30
2024-03-04,Berlin,Organic,0.0,23779,889,47
2024-03-04,Berlin,Affiliate,3064.58,110256,3017,175
2024-03-11,Berlin,Google Ads,10355.13,332648,5791,316
2024-03-11,Berlin,Meta,8591.65,268324,4384,267
2024-03-11,Berlin,Email,0.0,14231,657,64
2024-03-11,Berlin,Organic,0.0,16851,471,32
2024-03-11,Berlin,Affiliate,3105.15,95390,1921,113
2024-03-18,Berlin,Google Ads,9861.15,300127,8877,514
2024-03-18,Berlin,Meta,8835.67,299627,8348,493
2024-03-18,Berlin,Email,0.0,10121,311,19
2024-03-18,Berlin,Organic,0.0,33074,813,58
2024-03-18,Berlin,Affiliate,2779.7,89980,2542,155
2024-03-25,Berlin,Google Ads,9564.08,275588,4681,158
2024-03-25,Berlin,Meta,8962.75,346000,10326,465
2024-03-25,Berlin,Email,0.0,9976,487,27
2024-03-25,Berlin,Organic,0.0,35664,1381,110
2024-03-25,Berlin,Affiliate,2773.32,82981,1350,68
2024-04-01,Berlin,Google Ads,10331.39,326767,6718,333
2024-04-01,Berlin,Meta,9332.86,349952,8903,311
2024-04-01,Berlin,Email,0.0,9217,453,34
2024-04-01,Berlin,Organic,0.0,38969,1404,56
2024-04-01,Berlin,Affiliate,2931.15,92315,2076,109
2024-04-08,Berlin,Google Ads,10376.7,338172,9831,627
2024-04-08,Berlin,Meta,9202.44,331124,9475,456
2024-04-08,Berlin,Email,0.0,9585,572,53
2024-04-08,Berlin,Organic,0.0,34464,1237,49
2024-04-08,Berlin,Affiliate,3333.15,111441,2587,123
2024-04-15,Berlin,Google Ads,10063.32,359615,8958,576
2024-04-15,Berlin,Meta,9044.29,304946,8688,438
2024-04-15,Berlin,Email,0.0,9170,324,32
2024-04-15,Berlin,Organic,0.0,22483,895,68
2024-04-15,Berlin,Affiliate,3020.36,109970,3059,95
2024-04-22,Berlin,Google Ads,10253.7,294808,7093,325
2024-04-22,Berlin,Meta,8334.05,301099,7218,326
2024-04-22,Berlin,Email,0.0,11768,466,25
2024-04-22,Berlin,Organic,0.0,37993,1469,109
2024-04-22,Berlin,Affiliate,3034.4,96125,2514,170
2024-04-29,Berlin,Google Ads,10343.08,386586,10631,515
2024-04-29,Berlin,Meta,9626.61,317703,5384,250
2024-04-29,Berlin,Email,0.0,19170,784,60
2024-04-29,Berlin,Organic,0.0,39797,1368,74
2024-04-29,Berlin,Affiliate,2519.31,79091,1500,89
2024-05-06,Berlin,Google Ads,9826.58,332298,5425,250
2024-05-06,Berlin,Meta,8542.83,257763,7958,241
2024-05-06,Berlin,Email,0.0,12011,495,46
2024-05-06,Berlin,Organic,0.0,35109,766,48
2024-05-06,Berlin,Affiliate,2998.38,91720,2414,167
2024-05-13,Berlin,Google Ads,9707.78,383721,8771,302
2024-05-13,Berlin,Meta,8967.47,311280,7702,326
2024-05-13,Berlin,Email,0.0,14556,687,58
2024-05-13,Berlin,Organic,0.0,35978,887,40
2024-05-13,Berlin,Affiliate,3255.42,99328,2640,168
2024-05-20,Berlin,Google Ads,9644.8,307020,9063,273
2024-05-20,Berlin,Meta,8015.2,299326,10160,391
2024-05-20,Berlin,Email,0.0,11983,607,55
2024-05-20,Berlin,Organic,0.0,31175,1110,63
2024-05-20,Berlin,Affiliate,2822.3,85599,2522,160
2024-05-27,Berlin,Google Ads,9181.2,354547,11048,684
2024-05-27,Berlin,Meta,9584.51,272116,7593,403
2024-05-27,Berlin,Email,0.0,13037,577,46
2024-05-27,Berlin,Organic,0.0,27010,778,43
2024-05-27,Berlin,Affiliate,3110.96,88065,3005,149
2024-06-03,Berlin,Google Ads,9970.09,321409,7165,337
2024-06-03,Berlin,Meta,8739.82,280686,7549,368
2024-06-03,Berlin,Email,0.0,17113,827,69
2024-06-03,Berlin,Organic,0.0,20074,470,19
2024-06-03,Berlin,Affiliate,3150.42,118980,3488,160
2024-06-10,Berlin,Google Ads,8889.7,319426,8827,458
2024-06-10,Berlin,Meta,8988.24,262920,6148,354
2024-06-10,Berlin,Email,0.0,12871,536,37
2024-06-10,Berlin,Organic,0.0,27598,646,34
2024-06-10,Berlin,Affiliate,2485.31,75398,1436,92
2024-06-17,Berlin,Google Ads,9830.14,341039,11247,744
2024-06-17,Berlin,Meta,8910.69,274063,7634,486
2024-06-17,Berlin,Email,0.0,14023,498,44
2024-06-17,Berlin,Organic,0.0,29958,900,60
2024-06-17,Berlin,Affiliate,2942.82,83338,1918,58
2024-06-24,Berlin,Google Ads,9860.12,280397,5745,368
2024-06-24,Berlin,Meta,8469.06,266019,8245,431
2024-06-24,Berlin,Email,0.0,8691,492,30
2024-06-24,Berlin,Organic,0.0,26264,773,54
2024-06-24,Berlin,Affiliate,3265.68,99686,2900,157
2024-07-01,Berlin,Google Ads,11256.16,420026,13650,658
2024-07-01,Berlin,Meta,9743.45,287028,7252,263
2024-07-01,Berlin,Email,0.0,15518,675,62
2024-07-01,Berlin,Organic,0.0,32843,970,41
2024-07-01,Berlin,Affiliate,2658.46,102729,2669,163
2024-07-08,Berlin,Google Ads,10422.87,387184,8379,276
2024-07-08,Berlin,Meta,8984.14,316423,9455,587
2024-07-08,Berlin,Email,0.0,15984,791,66
2024-07-08,Berlin,Organic,0.0,32930,675,34
2024-07-08,Berlin,Affiliate,3019.12,97698,3270,161
2024-07-15,Berlin,Google Ads,9568.16,286595,9321,594
2024-07-15,Berlin,Meta,9552.25,267734,6222,278
2024-07-15,Berlin,Email,0.0,12794,388,21
2024-07-15,Berlin,Organic,0.0,19466,402,16
2024-07-15,Berlin,Affiliate,2977.12,112613,3251,216
2024-07-22,Berlin,Google Ads,10370.43,335388,6287,282
2024-07-22,Berlin,Meta,9029.82,347097,5262,187
2024-07-22,Berlin,Email,0.0,10466,506,42
2024-07-22,Berlin,Organic,0.0,20718,605,48
2024-07-22,Berlin,Affiliate,2960.34,110132,2658,118
2024-07-29,Berlin,Google Ads,9692.71,326188,5998,233
2024-07-29,Berlin,Meta,8737.28,298393,5374,300
2024-07-29,Berlin,Email,0.0,14830,615,34
2024-07-29,Berlin,Organic,0.0,24445,598,36
2024-07-29,Berlin,Affiliate,2785.79,92148,2824,142
2024-08-05,Berlin,Google Ads,9192.51,263403,6095,378
2024-08-05,Berlin,Meta,9553.92,337881,6535,335
2024-08-05,Berlin,Email,0.0,16871,823,70
2024-08-05,Berlin,Organic,0.0,37079,1054,45
2024-08-05,Berlin,Affiliate,2862.11,84936,1977,89
2024-08-12,Berlin,Google Ads,9485.92,311001,10454,571
2024-08-12,Berlin,Meta,9878.58,341665,6563,350
2024-08-12,Berlin,Email,0.0,14207,624,33
2024-08-12,Berlin,Organic,0.0,19497,614,30
2024-08-12,Berlin,Affiliate,2899.5,114493,2700,149
2024-08-19,Berlin,Google Ads,10163.5,373880,10752,451
2024-08-19,Berlin,Meta,9209.0,291161,9374,445
2024-08-19,Berlin,Email,0.0,9930,513,27
2024-08-19,Berlin,Organic,0.0,35358,1133,69
2024-08-19,Berlin,Affiliate,2903.43,86843,2240,108
2024-08-26,Berlin,Google Ads,10338.23,352545,11830,777
2024-08-26,Berlin,Meta,8869.64,295474,4509,237
2024-08-26,Berlin,Email,0.0,19712,1012,54
2024-08-26,Berlin,Organic,0.0,34886,851,47
2024-08-26,Berlin,Affiliate,2577.68,90974,2101,123
2024-09-02,Berlin,Google Ads,9448.57,268063,4949,157
2024-09-02,Berlin,Meta,8135.36,280707,6967,354
2024-09-02,Berlin,Email,0.0,8339,470,26
2024-09-02,Berlin,Organic,0.0,20353,471,31
2024-09-02,Berlin,Affiliate,3231.8,114842,3712,201
2024-09-09,Berlin,Google Ads,10080.0,392246,7682,373
2024-09-09,Berlin,Meta,9584.26,301367,10131,422
2024-09-09,Berlin,Email,0.0,12960,427,31
2024-09-09,Berlin,Organic,0.0,22475,586,35
2024-09-09,Berlin,Affiliate,3082.88,90217,2642,121
2024-09-16,Berlin,Google Ads,10183.41,374563,8548,414
2024-09-16,Berlin,Meta,8614.44,274517,6005,198
2024-09-16,Berlin,Email,0.0,13033,779,66
2024-09-16,Berlin,Organic,0.0,22640,504,23
2024-09-16,Berlin,Affiliate,3092.34,121202,2561,77
2024-09-23,Berlin,Google Ads,10031.13,379180,8046,525
2024-09-23,Berlin,Meta,9433.11,293956,10163,493
2024-09-23,Berlin,Email,0.0,19466,613,56
2024-09-23,Berlin,Organic,0.0,36580,918,54
2024-09-23,Berlin,Affiliate,2869.12,110999,2876,181
2024-09-30,Berlin,Google Ads,9785.85,292901,4542,159
2024-09-30,Berlin,Meta,8584.7,306427,9842,433
2024-09-30,Berlin,Email,0.0,17603,803,51
2024-09-30,Berlin,Organic,0.0,29314,721,47
2024-09-30,Berlin,Affiliate,3118.64,110145,2376,86
2024-10-07,Berlin,Google Ads,10063.77,285469,8655,313
2024-10-07,Berlin,Meta,9250.15,293498,9273,379
2024-10-07,Berlin,Email,0.0,19756,925,80
2024-10-07,Berlin,Organic,0.0,36223,1139,50
2024-10-07,Berlin,Affiliate,2883.14,115160,3133,184
2024-10-14,Berlin,Google Ads,11112.31,350076,7229,476
2024-10-14,Berlin,Meta,9158.63,285337,5628,265
2024-10-14,Berlin,Email,0.0,16475,641,50
2024-10-14,Berlin,Organic,0.0,38779,1470,61
2024-10-14,Berlin,Affiliate,2555.27,89226,2657,114
2024-10-21,Berlin,Google Ads,9902.27,357029,8136,557
2024-10-21,Berlin,Meta,8609.28,280727,6582,239
2024-10-21,Berlin,Email,0.0,10019,533,44
2024-10-21,Berlin,Organic,0.0,18734,536,36
2024-10-21,Berlin,Affiliate,2931.14,110019,2530,147
2024-10-28,Berlin,Google Ads,9078.62,346579,6803,252
2024-10-28,Berlin,Meta,8950.71,348642,7599,286
2024-10-28,Berlin,Email,0.0,8612,265,20
2024-10-28,Berlin,Organic,0.0,19948,786,60
2024-10-28,Berlin,Affiliate,2779.16,100038,2469,106
2024-11-04,Berlin,Google Ads,10464.17,418206,10829,735
2024-11-04,Berlin,Meta,9198.98,338225,5093,335
2024-11-04,Berlin,Email,0.0,14531,579,41
2024-11-04,Berlin,Organic,0.0,29740,992,44
2024-11-04,Berlin,Affiliate,2793.03,85305,1808,124
2024-11-11,Berlin,Google Ads,9522.68,374523,6076,246
2024-11-11,Berlin,Meta,8146.09,293668,9485,618
2024-11-11,Berlin,Email,0.0,19184,1042,61
2024-11-11,Berlin,Organic,0.0,20952,492,26
2024-11-11,Berlin,Affiliate,2801.65,112040,1827,80
2024-11-18,Berlin,Google Ads,10063.44,347616,9802,565
2024-11-18,Berlin,Meta,7732.81,237744,7585,227
2024-11-18,Berlin,Email,0.0,11377,537,35
2024-11-18,Berlin,Organic,0.0,35950,1360,88
2024-11-18,Berlin,Affiliate,2662.1,83526,2818,172
2024-11-25,Berlin,Google Ads,9792.46,372616,12425,559
2024-11-25,Berlin,Meta,8493.93,243611,7147,470
2024-11-25,Berlin,Email,0.0,12860,418,21
2024-11-25,Berlin,Organic,0.0,23943,728,45
2024-11-25,Berlin,Affiliate,3029.38,94811,2606,112
2024-12-02,Berlin,Google Ads,9897.01,293777,6050,232
2024-12-02,Berlin,Meta,8623.09,257528,7798,461
2024-12-02,Berlin,Email,0.0,12913,696,55
2024-12-02,Berlin,Organic,0.0,23127,754,39
2024-12-02,Berlin,Affiliate,3304.09,117945,2946,106
2024-12-09,Berlin,Google Ads,10598.9,343310,6816,424
2024-12-09,Berlin,Meta,8991.61,287362,9062,526
2024-12-09,Berlin,Email,0.0,18283,1053,73
2024-12-09,Berlin,Organic,0.0,19192,646,31
2024-12-09,Berlin,Affiliate,3263.46,106422,1862,87
2024-12-16,Berlin,Google Ads,9917.52,305361,6768,442
2024-12-16,Berlin,Meta,8778.09,287403,5874,367
2024-12-16,Berlin,Email,0.0,18593,985,79
2024-12-16,Berlin,Organic,0.0,22457,552,26
2024-12-16,Berlin,Affiliate,2984.16,95967,1872,120
2024-12-23,Berlin,Google Ads,9371.89,269788,9439,373
2024-12-23,Berlin,Meta,8902.52,270371,8745,404
2024-12-23,Berlin,Email,0.0,14844,819,64
2024-12-23,Berlin,Organic,0.0,20617,800,38
2024-12-23,Berlin,Affiliate,3273.8,129319,4426,160
2024-12-30,Berlin,Google Ads,10088.05,353996,8951,308
2024-12-30,Berlin,Meta,8379.78,250555,4671,246
2024-12-30,Berlin,Email,0.0,17179,974,76
2024-12-30,Berlin,Organic,0.0,33985,794,42
2024-12-30,Berlin,Affiliate,3129.58,94630,3113,119
2025-01-06,Berlin,Google Ads,8989.47,267829,7386,396
2025-01-06,Berlin,Meta,8462.61,285793,4397,200
2025-01-06,Berlin,Email,0.0,17525,850,50
2025-01-06,Berlin,Organic,0.0,27438,891,43
2025-01-06,Berlin,Affiliate,2889.64,93055,3217,126
2025-01-13,Berlin,Google Ads,9324.61,361161,7607,415
2025-01-13,Berlin,Meta,8902.17,312678,9504,527
2025-01-13,Berlin,Email,0.0,10747,541,49
2025-01-13,Berlin,Organic,0.0,33163,781,39
2025-01-13,Berlin,Affiliate,3216.52,115116,3216,159
2025-01-20,Berlin,Google Ads,9804.03,281119,9262,305
2025-01-20,Berlin,Meta,8330.08,244139,4016,175
2025-01-20,Berlin,Email,0.0,18563,818,63
2025-01-20,Berlin,Organic,0.0,20744,523,33
2025-01-20,Berlin,Affiliate,2573.1,87430,2813,194
2025-01-27,Berlin,Google Ads,9769.95,354536,5918,319
2025-01-27,Berlin,Meta,9041.23,270548,8001,380
2025-01-27,Berlin,Email,0.0,8110,344,28
2025-01-27,Berlin,Organic,0.0,16689,418,19
2025-01-27,Berlin,Affiliate,3136.74,113240,3459,183
2025-02-03,Berlin,Google Ads,9570.6,374219,6143,382
2025-02-03,Berlin,Meta,8812.72,330541,4971,280
2025-02-03,Berlin,Email,0.0,16800,894,62
2025-02-03,Berlin,Organic,0.0,25618,609,38
2025-02-03,Berlin,Affiliate,2929.64,98456,2032,129
2025-02-10,Berlin,Google Ads,9832.0,298123,8259,355
2025-02-10,Berlin,Meta,8985.98,278519,9369,417
2025-02-10,Berlin,Email,0.0,18822,977,52
2025-02-10,Berlin,Organic,0.0,38441,799,43
2025-02-10,Berlin,Affiliate,2823.44,102694,2111,86
2025-02-17,Berlin,Google Ads,10145.49,381377,6761,461
2025-02-17,Berlin,Meta,8703.71,247568,4464,229
2025-02-17,Berlin,Email,0.0,17567,802,70
2025-02-17,Berlin,Organic,0.0,23757,478,29
2025-02-17,Berlin,Affiliate,2747.0,109868,3270,119
2025-02-24,Berlin,Google Ads,9611.52,374443,9575,641
2025-02-24,Berlin,Meta,8483.27,274411,4467,305
2025-02-24,Berlin,Email,0.0,13703,591,45
2025-02-24,Berlin,Organic,0.0,18501,401,26
2025-02-24,Berlin,Affiliate,2479.13,80907,1679,68
2025-03-03,Berlin,Google Ads,9726.6,320380,7256,228
2025-03-03,Berlin,Meta,8928.68,320329,6520,323
2025-03-03,Berlin,Email,0.0,19836,1108,69
2025-03-03,Berlin,Organic,0.0,37952,1244,90
2025-03-03,Berlin,Affiliate,2833.74,111081,1868,130
2025-03-10,Berlin,Google Ads,10021.16,395244,10040,690
2025-03-10,Berlin,Meta,9577.04,303115,10214,378
2025-03-10,Berlin,Email,0.0,8191,455,39
2025-03-10,Berlin,Organic,0.0,34836,1092,57
2025-03-10,Berlin,Affiliate,3289.41,114253,2065,124
2025-03-17,Berlin,Google Ads,9769.29,283982,9198,456
2025-03-17,Berlin,Meta,8863.82,310369,7707,449
2025-03-17,Berlin,Email,0.0,15130,815,43
2025-03-17,Berlin,Organic,0.0,21001,656,44
2025-03-17,Berlin,Affiliate,3095.25,110132,1765,110
2025-03-24,Berlin,Google Ads,9768.02,350349,11145,721
2025-03-24,Berlin,Meta,8886.21,296633,9337,507
2025-03-24,Berlin,Email,0.0,8443,477,31
2025-03-24,Berlin,Organic,0.0,17357,629,39
2025-03-24,Berlin,Affiliate,2987.04,113541,3005,146
2025-03-31,Berlin,Google Ads,9771.86,299428,5520,222
2025-03-31,Berlin,Meta,8182.19,234037,6199,307
2025-03-31,Berlin,Email,0.0,12323,412,29
2025-03-31,Berlin,Organic,0.0,34958,1222,89
2025-03-31,Berlin,Affiliate,3178.21,94872,3059,174
2025-04-07,Berlin,Google Ads,10450.36,398367,11217,591
2025-04-07,Berlin,Meta,9953.25,392310,7284,444
2025-04-07,Berlin,Email,0.0,13205,479,33
2025-04-07,Berlin,Organic,0.0,27226,644,30
2025-04-07,Berlin,Affiliate,3325.33,129743,2194,65
2025-04-14,Berlin,Google Ads,9545.8,310387,7465,472
2025-04-14,Berlin,Meta,8312.23,286120,9884,614
2025-04-14,Berlin,Email,0.0,8945,447,34
2025-04-14,Berlin,Organic,0.0,24199,513,31
2025-04-14,Berlin,Affiliate,2855.37,80846,1344,73
2025-04-21,Berlin,Google Ads,10522.69,327644,8877,554
2025-04-21,Berlin,Meta,9388.15,370669,12635,659
2025-04-21,Berlin,Email,0.0,15176,809,65
2025-04-21,Berlin,Organic,0.0,32682,1071,45
2025-04-21,Berlin,Affiliate,2361.18,69853,2310,152
2025-04-28,Berlin,Google Ads,9827.8,280154,7919,461
2025-04-28,Berlin,Meta,9131.14,276819,7679,465
2025-04-28,Berlin,Email,0.0,12054,510,34
2025-04-28,Berlin,Organic,0.0,33538,1209,81
2025-04-28,Berlin,Affiliate,2685.84,93017,1531,59
2025-05-05,Berlin,Google Ads,10141.44,381321,9342,577
2025-05-05,Berlin,Meta,8164.49,243457,4772,316
2025-05-05,Berlin,Email,0.0,11535,574,32
2025-05-05,Berlin,Organic,0.0,18639,680,50
2025-05-05,Berlin,Affiliate,2553.41,80225,1240,52
2025-05-12,Berlin,Google Ads,9734.53,344047,5733,255
2025-05-12,Berlin,Meta,8760.16,324019,5392,257
2025-05-12,Berlin,Email,0.0,14706,459,26
2025-05-12,Berlin,Organic,0.0,36801,870,47
2025-05-12,Berlin,Affiliate,2711.94,81750,1248,54
2025-05-19,Berlin,Google Ads,9788.01,391120,11301,351
2025-05-19,Berlin,Meta,8464.05,303246,7106,403
2025-05-19,Berlin,Email,0.0,9625,351,21
2025-05-19,Berlin,Organic,0.0,26872,978,48
2025-05-19,Berlin,Affiliate,2939.66,113939,2521,151
2025-05-26,Berlin,Google Ads,9966.9,334682,9488,367
2025-05-26,Berlin,Meta,9224.71,333699,7856,443
2025-05-26,Berlin,Email,0.0,8926,427,29
2025-05-26,Berlin,Organic,0.0,32581,1222,51
2025-05-26,Berlin,Affiliate,2883.98,105547,1586,110
2025-06-02,Berlin,Google Ads,9809.09,293014,5576,170
2025-06-02,Berlin,Meta,9060.78,326746,11054,364
2025-06-02,Berlin,Email,0.0,14366,565,54
2025-06-02,Berlin,Organic,0.0,27029,605,31
2025-06-02,Berlin,Affiliate,2569.14,97522,2084,80
2025-06-09,Berlin,Google Ads,11039.09,405459,11826,817
2025-06-09,Berlin,Meta,8487.83,269998,6501,237
2025-06-09,Berlin,Email,0.0,11370,442,32
2025-06-09,Berlin,Organic,0.0,17014,510,31
2025-06-09,Berlin,Affiliate,3076.25,110663,2229,75
2025-06-16,Berlin,Google Ads,9296.45,289361,7760,535
2025-06-16,Berlin,Meta,8711.97,285163,7973,346
2025-06-16,Berlin,Email,0.0,8385,467,32
2025-06-16,Berlin,Organic,0.0,25539,878,51
2025-06-16,Berlin,Affiliate,2887.57,99748,2225,79
2025-06-23,Berlin,Google Ads,10276.99,314839,7167,279
2025-06-23,Berlin,Meta,9532.84,293329,5141,166
2025-06-23,Berlin,Email,0.0,9881,540,32
2025-06-23,Berlin,Organic,0.0,38372,944,39
2025-06-23,Berlin,Affiliate,2747.6,95675,1489,49
2025-06-30,Berlin,Google Ads,9645.69,318953,6837,283
2025-06-30,Berlin,Meta,8805.75,264190,8336,465
2025-06-30,Berlin,Email,0.0,13358,720,56
2025-06-30,Berlin,Organic,0.0,31425,731,38
2025-06-30,Berlin,Affiliate,3630.59,132353,3909,262
2025-07-07,Berlin,Google Ads,9661.48,334556,5356,322
2025-07-07,Berlin,Meta,9419.34,352480,5816,260
2025-07-07,Berlin,Email,0.0,19390,1067,57
2025-07-07,Berlin,Organic,0.0,39673,1390,70
2025-07-07,Berlin,Affiliate,3356.33,112202,1699,113
2025-07-14,Berlin,Google Ads,9755.67,279973,8959,482
2025-07-14,Berlin,Meta,9063.7,289670,9477,500
2025-07-14,Berlin,Email,0.0,15463,634,49
2025-07-14,Berlin,Organic,0.0,19233,509,23
2025-07-14,Berlin,Affiliate,2914.68,87268,3051,126
2025-07-21,Berlin,Google Ads,9430.8,345771,10017,594
2025-07-21,Berlin,Meta,8598.21,242419,4062,196
2025-07-21,Berlin,Email,0.0,11650,661,49
2025-07-21,Berlin,Organic,0.0,25080,635,38
2025-07-21,Berlin,Affiliate,3075.85,110698,1817,65
2025-07-28,Berlin,Google Ads,9484.5,337187,9965,554
2025-07-28,Berlin,Meta,8502.12,263960,4282,278
2025-07-28,Berlin,Email,0.0,15995,498,38
2025-07-28,Berlin,Organic,0.0,25349,950,47
2025-07-28,Berlin,Affiliate,3025.43,98684,3168,158
2025-08-04,Berlin,Google Ads,10151.35,299401,7348,313
2025-08-04,Berlin,Meta,7896.04,225132,5908,296
2025-08-04,Berlin,Email,0.0,10736,623,34
2025-08-04,Berlin,Organic,0.0,39497,1382,86
2025-08-04,Berlin,Affiliate,2837.76,93269,2148,116
2025-08-11,Berlin,Google Ads,10968.42,393211,11168,562
2025-08-11,Berlin,Meta,9243.38,296258,5688,259
2025-08-11,Berlin,Email,0.0,8710,267,20
2025-08-11,Berlin,Organic,0.0,30183,895,61
2025-08-11,Berlin,Affiliate,3088.78,91793,2587,134
2025-08-18,Berlin,Google Ads,10573.05,394472,9157,620
2025-08-18,Berlin,Meta,8507.28,289578,9434,617
2025-08-18,Berlin,Email,0.0,16768,803,44
2025-08-18,Berlin,Organic,0.0,33314,1267,66
2025-08-18,Berlin,Affiliate,3063.75,93486,2785,153
2025-08-25,Berlin,Google Ads,8781.5,275988,6063,265
2025-08-25,Berlin,Meta,9233.19,350917,11302,466
2025-08-25,Berlin,Email,0.0,18959,570,36
2025-08-25,Berlin,Organic,0.0,37810,1304,81
2025-08-25,Berlin,Affiliate,2480.97,98930,2341,70
2025-09-01,Berlin,Google Ads,9941.8,396114,7401,308
2025-09-01,Berlin,Meta,9705.53,283394,7442,475
2025-09-01,Berlin,Email,0.0,8085,245,23
2025-09-01,Berlin,Organic,0.0,29420,1131,89
2025-09-01,Berlin,Affiliate,3006.75,119286,3505,145
2025-09-08,Berlin,Google Ads,9624.3,274162,6145,224
2025-09-08,Berlin,Meta,9034.51,354404,12179,794
2025-09-08,Berlin,Email,0.0,16746,823,75
2025-09-08,Berlin,Organic,0.0,17263,584,33
2025-09-08,Berlin,Affiliate,2972.51,91895,1789,75
2025-09-15,Berlin,Google Ads,10080.8,351293,9673,601
2025-09-15,Berlin,Meta,8357.17,311762,8730,549
2025-09-15,Berlin,Email,0.0,19375,1083,89
2025-09-15,Berlin,Organic,0.0,17207,623,48
2025-09-15,Berlin,Affiliate,3365.31,127039,4440,277
2025-09-22,Berlin,Google Ads,9947.97,331415,11158,772
2025-09-22,Berlin,Meta,9229.59,346653,7606,510
2025-09-22,Berlin,Email,0.0,18638,711,47
2025-09-22,Berlin,Organic,0.0,32233,1272,96
2025-09-22,Berlin,Affiliate,3108.14,92582,1977,76
2025-09-29,Berlin,Google Ads,10202.65,334584,6569,348
2025-09-29,Berlin,Meta,8253.27,317363,8172,355
2025-09-29,Berlin,Email,0.0,17661,736,69
2025-09-29,Berlin,Organic,0.0,23289,754,47
2025-09-29,Berlin,Affiliate,3054.32,102979,2159,138
2025-10-06,Berlin,Google Ads,19244.58,645828,11348,785
2025-10-06,Berlin,Meta,9200.01,329651,8108,389
2025-10-06,Berlin,Email,0.0,18190,650,35
2025-10-06,Berlin,Organic,0.0,36471,1284,87
2025-10-06,Berlin,Affiliate,3002.4,109900,3238,132
2025-10-13,Berlin,Google Ads,19546.04,726276,24111,1649
2025-10-13,Berlin,Meta,9211.51,295288,5568,387
2025-10-13,Berlin,Email,0.0,16803,571,55
2025-10-13,Berlin,Organic,0.0,19584,601,25
2025-10-13,Berlin,Affiliate,3228.96,128275,2118,104
2025-10-20,Berlin,Google Ads,17787.47,630450,14468,718
2025-10-20,Berlin,Meta,7863.58,279545,9117,350
2025-10-20,Berlin,Email,0.0,10146,312,29
2025-10-20,Berlin,Organic,0.0,20874,778,40
2025-10-20,Berlin,Affiliate,3275.26,112455,1692,94
2025-10-27,Berlin,Google Ads,17150.95,491729,12204,601
2025-10-27,Berlin,Meta,8451.16,288257,9083,290
2025-10-27,Berlin,Email,0.0,9543,348,21
2025-10-27,Berlin,Organic,0.0,20990,680,33
2025-10-27,Berlin,Affiliate,2920.02,102377,3229,194
2025-11-03,Berlin,Google Ads,18122.75,541480,16408,985
2025-11-03,Berlin,Meta,9027.6,263672,7419,443
2025-11-03,Berlin,Email,0.0,14984,591,55
2025-11-03,Berlin,Organic,0.0,23352,887,41
2025-11-03,Berlin,Affiliate,3090.15,113698,2563,178
2025-11-10,Berlin,Google Ads,19477.24,655992,18859,592
2025-11-10,Berlin,Meta,8278.42,326283,6001,229
2025-11-10,Berlin,Email,0.0,12749,570,34
2025-11-10,Berlin,Organic,0.0,17327,611,38
2025-11-10,Berlin,Affiliate,2932.27,96878,3293,164
2025-11-17,Berlin,Google Ads,18658.37,534583,10979,590
2025-11-17,Berlin,Meta,9305.2,327628,5022,216
2025-11-17,Berlin,Email,0.0,10127,542,30
2025-11-17,Berlin,Organic,0.0,15912,589,30
2025-11-17,Berlin,Affiliate,3003.23,111128,3166,218
2025-11-24,Berlin,Google Ads,17309.87,626559,16175,1016
2025-11-24,Berlin,Meta,9326.08,304799,6529,303
2025-11-24,Berlin,Email,0.0,16992,596,35
2025-11-24,Berlin,Organic,0.0,16969,411,31
2025-11-24,Berlin,Affiliate,2573.51,83377,2669,146
2025-12-01,Berlin,Google Ads,20363.58,796972,14445,827
2025-12-01,Berlin,Meta,8657.98,293665,5308,269
2025-12-01,Berlin,Email,0.0,13278,621,35
2025-12-01,Berlin,Organic,0.0,38259,1090,79
2025-12-01,Berlin,Affiliate,2674.27,96640,3244,148
2025-12-08,Berlin,Google Ads,19109.2,561372,12666,650
2025-12-08,Berlin,Meta,8572.79,295180,6881,395
2025-12-08,Berlin,Email,0.0,15162,699,55
2025-12-08,Berlin,Organic,0.0,20197,743,41
2025-12-08,Berlin,Affiliate,3362.71,94571,3153,168
2025-12-15,Berlin,Google Ads,18111.66,656568,11985,709
2025-12-15,Berlin,Meta,9024.95,260292,4979,255
2025-12-15,Berlin,Email,0.0,11154,562,41
2025-12-15,Berlin,Organic,0.0,15806,579,34
2025-12-15,Berlin,Affiliate,2934.68,111184,1745,61
2025-12-22,Berlin,Google Ads,18257.59,539477,17985,1108
2025-12-22,Berlin,Meta,8709.56,320397,6081,256
2025-12-22,Berlin,Email,0.0,17066,881,55
2025-12-22,Berlin,Organic,0.0,18899,680,40
2025-12-22,Berlin,Affiliate,3332.06,114297,2113,113
2024-01-01,Munich,Google Ads,9249.18,276783,5433,230
2024-01-01,Munich,Meta,7992.79,244350,4656,193
2024-01-01,Munich,Email,0.0,14426,778,54
2024-01-01,Munich,Organic,0.0,17757,420,23
2024-01-01,Munich,Affiliate,3247.66,128346,2506,166
2024-01-08,Munich,Google Ads,9525.92,380554,8495,405
2024-01-08,Munich,Meta,7738.75,307742,4725,311
2024-01-08,Munich,Email,0.0,15973,948,91
2024-01-08,Munich,Organic,0.0,16816,554,23
2024-01-08,Munich,Affiliate,3310.28,130624,4409,177
2024-01-15,Munich,Google Ads,9884.66,281610,9819,594
2024-01-15,Munich,Meta,7551.38,242997,5996,297
2024-01-15,Munich,Email,0.0,17261,680,66
2024-01-15,Munich,Organic,0.0,39765,1432,58
2024-01-15,Munich,Affiliate,3855.72,131474,4547,202
2024-01-22,Munich,Google Ads,10343.16,319688,6283,349
2024-01-22,Munich,Meta,7240.57,203457,6382,354
2024-01-22,Munich,Email,0.0,15711,839,56
2024-01-22,Munich,Organic,0.0,19151,674,34
2024-01-22,Munich,Affiliate,3578.55,130204,4391,221
2024-01-29,Munich,Google Ads,8959.93,292224,6725,299
2024-01-29,Munich,Meta,7665.25,234900,6011,273
2024-01-29,Munich,Email,0.0,18412,870,53
2024-01-29,Munich,Organic,0.0,39234,1203,85
2024-01-29,Munich,Affiliate,3696.32,145806,4594,251
2024-02-05,Munich,Google Ads,10206.4,287927,6638,402
2024-02-05,Munich,Meta,7176.61,253263,5384,271
2024-02-05,Munich,Email,0.0,14194,435,25
2024-02-05,Munich,Organic,0.0,28950,653,45
2024-02-05,Munich,Affiliate,3670.74,103949,3076,208
2024-02-12,Munich,Google Ads,9695.37,318182,7920,452
2024-02-12,Munich,Meta,8044.78,225399,5433,175
2024-02-12,Munich,Email,0.0,13886,595,45
2024-02-12,Munich,Organic,0.0,29556,856,50
2024-02-12,Munich,Affiliate,3448.99,106301,2062,61
2024-02-19,Munich,Google Ads,9738.68,383265,8975,418
2024-02-19,Munich,Meta,7664.13,248185,7210,287
2024-02-19,Munich,Email,0.0,14139,625,45
2024-02-19,Munich,Organic,0.0,15806,324,15
2024-02-19,Munich,Affiliate,3608.76,140280,2231,122
2024-02-26,Munich,Google Ads,9476.31,277137,7647,393
2024-02-26,Munich,Meta,7398.98,209053,3511,156
2024-02-26,Munich,Email,0.0,15913,829,50
2024-02-26,Munich,Organic,0.0,36230,1326,105
2024-02-26,Munich,Affiliate,3305.64,98812,3059,127
2024-03-04,Munich,Google Ads,9348.39,361049,12384,541
2024-03-04,Munich,Meta,8220.72,252501,7040,246
2024-03-04,Munich,Email,0.0,10800,430,31
2024-03-04,Munich,Organic,0.0,34430,1044,82
2024-03-04,Munich,Affiliate,3349.95,119992,3577,120
2024-03-11,Munich,Google Ads,9408.71,362552,5873,194
2024-03-11,Munich,Meta,8221.3,305547,5539,217
2024-03-11,Munich,Email,0.0,19553,705,64
2024-03-11,Munich,Organic,0.0,18849,615,39
2024-03-11,Munich,Affiliate,3086.4,93090,1982,125
2024-03-18,Munich,Google Ads,9249.19,367200,11352,772
2024-03-18,Munich,Meta,8124.02,267275,6398,345
2024-03-18,Munich,Email,0.0,17604,635,31
2024-03-18,Munich,Organic,0.0,28508,1034,71
2024-03-18,Munich,Affiliate,3411.18,108653,3060,140
2024-03-25,Munich,Google Ads,10533.15,306997,4669,165
2024-03-25,Munich,Meta,7631.5,273682,9354,643
2024-03-25,Munich,Email,0.0,15194,472,31
2024-03-25,Munich,Organic,0.0,30510,889,50
2024-03-25,Munich,Affiliate,3521.69,125393,2869,90
2024-04-01,Munich,Google Ads,9758.82,353656,9822,334
2024-04-01,Munich,Meta,7947.27,255771,5603,294
2024-04-01,Munich,Email,0.0,9459,370,25
2024-04-01,Munich,Organic,0.0,22206,531,22
2024-04-01,Munich,Affiliate,3561.04,137362,2109,73
2024-04-08,Munich,Google Ads,9587.11,283587,5058,303
2024-04-08,Munich,Meta,7647.33,242030,8155,421
2024-04-08,Munich,Email,0.0,10600,327,20
2024-04-08,Munich,Organic,0.0,33652,937,46
2024-04-08,Munich,Affiliate,3433.08,132065,4098,168
2024-04-15,Munich,Google Ads,9068.12,337048,6236,235
2024-04-15,Munich,Meta,8023.35,250999,6097,211
2024-04-15,Munich,Email,0.0,19220,624,48
2024-04-15,Munich,Organic,0.0,24239,631,33
2024-04-15,Munich,Affiliate,4212.01,128706,3917,132
2024-04-22,Munich,Google Ads,9463.61,350054,10889,664
2024-04-22,Munich,Meta,7332.86,283255,6392,213
2024-04-22,Munich,Email,0.0,10602,528,42
2024-04-22,Munich,Organic,0.0,36764,1054,71
2024-04-22,Munich,Affiliate,3325.19,127155,4407,204
2024-04-29,Munich,Google Ads,9585.76,378280,10495,730
2024-04-29,Munich,Meta,7906.24,305713,8531,480
2024-04-29,Munich,Email,0.0,12096,505,31
2024-04-29,Munich,Organic,0.0,21309,720,46
2024-04-29,Munich,Affiliate,3390.28,98679,2281,126
2024-05-06,Munich,Google Ads,9944.58,278758,9282,602
2024-05-06,Munich,Meta,7825.67,266882,8751,399
2024-05-06,Munich,Email,0.0,8386,380,21
2024-05-06,Munich,Organic,0.0,28238,1023,42
2024-05-06,Munich,Affiliate,3605.31,109753,3770,211
2024-05-13,Munich,Google Ads,9863.85,344626,8908,432
2024-05-13,Munich,Meta,8088.92,299997,9507,453
2024-05-13,Munich,Email,0.0,12986,713,51
2024-05-13,Munich,Organic,0.0,33035,1125,87
2024-05-13,Munich,Affiliate,2964.76,114331,2912,99
2024-05-20,Munich,Google Ads,9488.96,302945,5617,372
2024-05-20,Munich,Meta,7097.45,243298,4776,331
2024-05-20,Munich,Email,0.0,13114,780,60
2024-05-20,Munich,Organic,0.0,28355,863,52
2024-05-20,Munich,Affiliate,3757.8,145279,3406,212
2024-05-27,Munich,Google Ads,9329.33,278970,4247,279
2024-05-27,Munich,Meta,7189.93,235126,8041,267
2024-05-27,Munich,Email,0.0,18992,1133,64
2024-05-27,Munich,Organic,0.0,19651,622,41
2024-05-27,Munich,Affiliate,3553.51,141665,4319,259
2024-06-03,Munich,Google Ads,9848.77,353980,11914,425
2024-06-03,Munich,Meta,7796.28,287857,8579,307
2024-06-03,Munich,Email,0.0,17187,674,48
2024-06-03,Munich,Organic,0.0,23305,791,48
2024-06-03,Munich,Affiliate,3517.95,135883,2761,88
2024-06-10,Munich,Google Ads,9702.18,286359,8014,509
2024-06-10,Munich,Meta,7212.66,267226,9128,549
2024-06-10,Munich,Email,0.0,16936,1014,70
2024-06-10,Munich,Organic,0.0,21375,558,30
2024-06-10,Munich,Affiliate,3593.71,106732,2254,90
2024-06-17,Munich,Google Ads,9291.4,340068,8277,572
2024-06-17,Munich,Meta,8111.3,264933,4547,199
2024-06-17,Munich,Email,0.0,15467,526,29
2024-06-17,Munich,Organic,0.0,35348,869,61
2024-06-17,Munich,Affiliate,3785.93,149211,3822,246
2024-06-24,Munich,Google Ads,9181.86,358674,7882,461
2024-06-24,Munich,Meta,8026.02,263279,5969,362
2024-06-24,Munich,Email,0.0,17714,751,65
2024-06-24,Munich,Organic,0.0,16230,324,14
2024-06-24,Munich,Affiliate,3578.63,128917,3981,134
2024-07-01,Munich,Google Ads,9359.02,366496,11841,563
2024-07-01,Munich,Meta,7345.81,266747,7216,306
2024-07-01,Munich,Email,0.0,9022,337,32
2024-07-01,Munich,Organic,0.0,23756,723,38
2024-07-01,Munich,Affiliate,3049.0,97514,1942,108
2024-07-08,Munich,Google Ads,9611.42,335226,9458,370
2024-07-08,Munich,Meta,7642.26,238242,5871,313
2024-07-08,Munich,Email,0.0,9422,351,21
2024-07-08,Munich,Organic,0.0,30935,823,45
2024-07-08,Munich,Affiliate,3377.53,96015,3191,100
2024-07-15,Munich,Google Ads,8852.14,313875,8019,523
2024-07-15,Munich,Meta,8465.57,337902,11215,645
2024-07-15,Munich,Email,0.0,18189,1022,82
2024-07-15,Munich,Organic,0.0,38336,804,63
2024-07-15,Munich,Affiliate,3338.61,101074,2311,125
2024-07-22,Munich,Google Ads,9193.18,277812,8299,415
2024-07-22,Munich,Meta,7565.47,219710,5659,351
2024-07-22,Munich,Email,0.0,8092,456,27
2024-07-22,Munich,Organic,0.0,22509,856,49
2024-07-22,Munich,Affiliate,3122.36,104463,3052,129
2024-07-29,Munich,Google Ads,9035.3,323288,9372,374
2024-07-29,Munich,Meta,7677.3,282696,8575,327
2024-07-29,Munich,Email,0.0,18012,799,79
2024-07-29,Munich,Organic,0.0,26045,992,72
2024-07-29,Munich,Affiliate,3332.31,124176,2677,148
2024-08-05,Munich,Google Ads,9062.38,336504,6930,286
2024-08-05,Munich,Meta,7829.33,304553,8608,465
2024-08-05,Munich,Email,0.0,10054,387,34
2024-08-05,Munich,Organic,0.0,16803,644,29
2024-08-05,Munich,Affiliate,3430.25,131510,2824,133
2024-08-12,Munich,Google Ads,9121.02,277933,9294,639
2024-08-12,Munich,Meta,8501.98,252987,8510,348
2024-08-12,Munich,Email,0.0,10021,599,36
2024-08-12,Munich,Organic,0.0,16207,639,28
2024-08-12,Munich,Affiliate,3381.52,120416,3328,213
2024-08-19,Munich,Google Ads,9664.21,311510,8443,563
2024-08-19,Munich,Meta,7762.93,287259,7793,367
2024-08-19,Munich,Email,0.0,13063,759,66
2024-08-19,Munich,Organic,0.0,16867,474,24
2024-08-19,Munich,Affiliate,3889.38,140247,3478,175
2024-08-26,Munich,Google Ads,9500.79,333143,6152,306
2024-08-26,Munich,Meta,7944.74,292126,7331,249
2024-08-26,Munich,Email,0.0,8260,291,24
2024-08-26,Munich,Organic,0.0,38786,1269,91
2024-08-26,Munich,Affiliate,3351.87,104426,3484,112
2024-09-02,Munich,Google Ads,9648.65,374283,12860,492
2024-09-02,Munich,Meta,7335.96,247976,5443,275
2024-09-02,Munich,Email,0.0,9899,360,25
2024-09-02,Munich,Organic,0.0,27023,846,50
2024-09-02,Munich,Affiliate,3173.73,115314,2064,70
2024-09-09,Munich,Google Ads,9672.72,373649,6248,414
2024-09-09,Munich,Meta,7498.88,255224,8860,558
2024-09-09,Munich,Email,0.0,19884,1064,97
2024-09-09,Munich,Organic,0.0,22835,607,34
2024-09-09,Munich,Affiliate,3437.89,98889,2520,165
2024-09-16,Munich,Google Ads,10064.77,299111,10411,315
2024-09-16,Munich,Meta,7481.68,212364,3758,150
2024-09-16,Munich,Email,0.0,14716,607,34
2024-09-16,Munich,Organic,0.0,20438,491,34
2024-09-16,Munich,Affiliate,3054.96,112513,3133,102
2024-09-23,Munich,Google Ads,9855.24,304507,4722,321
2024-09-23,Munich,Meta,7706.34,227011,3588,172
2024-09-23,Munich,Email,0.0,13612,569,32
2024-09-23,Munich,Organic,0.0,24468,741,45
2024-09-23,Munich,Affiliate,3114.28,117027,3314,134
2024-09-30,Munich,Google Ads,9728.87,313148,5882,284
2024-09-30,Munich,Meta,7681.62,222219,5708,346
2024-09-30,Munich,Email,0.0,16847,855,50
2024-09-30,Munich,Organic,0.0,38944,1148,76
2024-09-30,Munich,Affiliate,3507.37,137779,2382,83
2024-10-07,Munich,Google Ads,9667.57,383890,11725,547
2024-10-07,Munich,Meta,8174.83,316581,5377,263
2024-10-07,Munich,Email,0.0,9066,442,41
2024-10-07,Munich,Organic,0.0,39179,1166,47
2024-10-07,Munich,Affiliate,3625.55,143335,4885,280
2024-10-14,Munich,Google Ads,9292.92,266936,6894,457
2024-10-14,Munich,Meta,7637.75,297620,7014,259
2024-10-14,Munich,Email,0.0,17668,1038,63
2024-10-14,Munich,Organic,0.0,23635,856,64
2024-10-14,Munich,Affiliate,3615.99,130342,4319,227
2024-10-21,Munich,Google Ads,9730.65,325625,10024,483
2024-10-21,Munich,Meta,7171.7,247961,6051,283
2024-10-21,Munich,Email,0.0,18432,583,52
2024-10-21,Munich,Organic,0.0,37544,1324,68
2024-10-21,Munich,Affiliate,2805.26,97786,1863,85
2024-10-28,Munich,Google Ads,9803.83,291753,6609,399
2024-10-28,Munich,Meta,7855.05,234789,6517,407
2024-10-28,Munich,Email,0.0,8739,342,30
2024-10-28,Munich,Organic,0.0,29317,850,63
2024-10-28,Munich,Affiliate,3456.47,101292,1649,67
2024-11-04,Munich,Google Ads,9403.47,329503,9813,299
2024-11-04,Munich,Meta,7688.44,266737,9078,359
2024-11-04,Munich,Email,0.0,12102,401,37
2024-11-04,Munich,Organic,0.0,32606,858,57
2024-11-04,Munich,Affiliate,3590.64,133299,3944,157
2024-11-11,Munich,Google Ads,8605.64,299846,4528,239
2024-11-11,Munich,Meta,7977.5,227247,4783,287
2024-11-11,Munich,Email,0.0,12552,564,50
2024-11-11,Munich,Organic,0.0,17671,361,25
2024-11-11,Munich,Affiliate,3779.71,115337,2904,191
2024-11-18,Munich,Google Ads,10418.56,360550,7743,472
2024-11-18,Munich,Meta,7617.37,275588,5741,239
2024-11-18,Munich,Email,0.0,13603,775,68
2024-11-18,Munich,Organic,0.0,27904,752,56
2024-11-18,Munich,Affiliate,3233.43,93729,2803,136
2024-11-25,Munich,Google Ads,8782.7,266838,5706,199
2024-11-25,Munich,Meta,7147.92,206914,5523,287
2024-11-25,Munich,Email,0.0,19604,834,55
2024-11-25,Munich,Organic,0.0,23223,663,46
2024-11-25,Munich,Affiliate,3656.99,111330,1898,120
2024-12-02,Munich,Google Ads,9090.33,309556,7248,268
2024-12-02,Munich,Meta,7017.91,277516,5969,410
2024-12-02,Munich,Email,0.0,10582,446,42
2024-12-02,Munich,Organic,0.0,22485,894,48
2024-12-02,Munich,Affiliate,3324.69,113894,2836,147
2024-12-09,Munich,Google Ads,9377.19,272010,8736,473
2024-12-09,Munich,Meta,7446.06,242187,5068,261
2024-12-09,Munich,Email,0.0,17369,1018,94
2024-12-09,Munich,Organic,0.0,33042,1068,68
2024-12-09,Munich,Affiliate,3705.17,119757,3343,217
2024-12-16,Munich,Google Ads,9103.96,287599,8642,405
2024-12-16,Munich,Meta,7329.56,236696,3952,220
2024-12-16,Munich,Email,0.0,18741,874,49
2024-12-16,Munich,Organic,0.0,18131,479,27
2024-12-16,Munich,Affiliate,3816.53,148673,3578,197
2024-12-23,Munich,Google Ads,9389.61,375348,10841,753
2024-12-23,Munich,Meta,7273.17,242591,6242,224
2024-12-23,Munich,Email,0.0,19947,977,78
2024-12-23,Munich,Organic,0.0,15921,424,19
2024-12-23,Munich,Affiliate,3598.68,143634,4434,180
2024-12-30,Munich,Google Ads,9473.19,266032,8871,611
2024-12-30,Munich,Meta,7999.85,303214,8191,269
2024-12-30,Munich,Email,0.0,10561,448,32
2024-12-30,Munich,Organic,0.0,39546,892,68
2024-12-30,Munich,Affiliate,4085.07,137679,4356,267
2025-01-06,Munich,Google Ads,9520.47,346154,11938,624
2025-01-06,Munich,Meta,8144.2,271955,4544,270
2025-01-06,Munich,Email,0.0,8073,331,28
2025-01-06,Munich,Organic,0.0,34687,1039,61
2025-01-06,Munich,Affiliate,3657.1,129032,2119,124
2025-01-13,Munich,Google Ads,9635.56,355691,9811,511
2025-01-13,Munich,Meta,7778.33,227310,7814,444
2025-01-13,Munich,Email,0.0,17924,987,64
2025-01-13,Munich,Organic,0.0,37254,946,58
2025-01-13,Munich,Affiliate,3201.79,95870,2419,151
2025-01-20,Munich,Google Ads,10493.69,373190,7627,319
2025-01-20,Munich,Meta,7603.67,285413,5706,295
2025-01-20,Munich,Email,0.0,14031,538,51
2025-01-20,Munich,Organic,0.0,19393,609,42
2025-01-20,Munich,Affiliate,3531.77,129093,2042,107
2025-01-27,Munich,Google Ads,10193.56,361053,11367,598
2025-01-27,Munich,Meta,7994.42,246309,8145,305
2025-01-27,Munich,Email,0.0,9729,354,23
2025-01-27,Munich,Organic,0.0,34021,1326,62
2025-01-27,Munich,Affiliate,3306.19,94392,2282,159
2025-02-03,Munich,Google Ads,8941.47,270247,4832,210
2025-02-03,Munich,Meta,7843.69,285315,5939,264
2025-02-03,Munich,Email,0.0,16603,695,38
2025-02-03,Munich,Organic,0.0,23997,856,68
2025-02-03,Munich,Affiliate,3231.72,93662,1878,87
2025-02-10,Munich,Google Ads,9770.94,375450,11566,450
2025-02-10,Munich,Meta,7549.46,255103,5726,178
2025-02-10,Munich,Email,0.0,19920,750,61
2025-02-10,Munich,Organic,0.0,25255,886,68
2025-02-10,Munich,Affiliate,3707.53,134526,2510,112
2025-02-17,Munich,Google Ads,9935.45,370315,6356,416
2025-02-17,Munich,Meta,7663.34,245604,7090,314
2025-02-17,Munich,Email,0.0,13579,724,52
2025-02-17,Munich,Organic,0.0,33687,711,46
2025-02-17,Munich,Affiliate,3481.63,108526,2825,119
2025-02-24,Munich,Google Ads,9327.32,273381,5054,161
2025-02-24,Munich,Meta,7491.15,242210,7827,367
2025-02-24,Munich,Email,0.0,14422,860,64
2025-02-24,Munich,Organic,0.0,33507,1336,81
2025-02-24,Munich,Affiliate,3556.54,116424,2952,152
2025-03-03,Munich,Google Ads,9291.81,327178,7033,362
2025-03-03,Munich,Meta,7940.7,316510,6510,431
2025-03-03,Munich,Email,0.0,12014,641,63
2025-03-03,Munich,Organic,0.0,34577,1308,85
2025-03-03,Munich,Affiliate,3539.57,101608,2813,147
2025-03-10,Munich,Google Ads,10012.74,327508,5435,371
2025-03-10,Munich,Meta,8375.24,276805,8314,399
2025-03-10,Munich,Email,0.0,8265,396,24
2025-03-10,Munich,Organic,0.0,36450,1001,76
2025-03-10,Munich,Affiliate,3688.41,111482,1743,83
2025-03-17,Munich,Google Ads,9553.2,365891,8604,351
2025-03-17,Munich,Meta,8038.27,290905,8444,322
2025-03-17,Munich,Email,0.0,15796,646,42
2025-03-17,Munich,Organic,0.0,28035,917,43
2025-03-17,Munich,Affiliate,4219.19,119544,2948,121
2025-03-24,Munich,Google Ads,8946.4,258305,7894,512
2025-03-24,Munich,Meta,8170.81,255773,5445,261
2025-03-24,Munich,Email,0.0,9481,354,26
2025-03-24,Munich,Organic,0.0,26233,898,36
2025-03-24,Munich,Affiliate,3408.16,102056,3217,212
2025-03-31,Munich,Google Ads,9613.71,300822,8598,296
2025-03-31,Munich,Meta,7630.89,247852,3878,118
2025-03-31,Munich,Email,0.0,18041,597,36
2025-03-31,Munich,Organic,0.0,21435,482,35
2025-03-31,Munich,Affiliate,3564.51,135430,4115,279
2025-04-07,Munich,Google Ads,10386.09,350530,8617,264
2025-04-07,Munich,Meta,8355.43,237903,5973,396
2025-04-07,Munich,Email,0.0,10959,558,53
2025-04-07,Munich,Organic,0.0,39491,1202,58
2025-04-07,Munich,Affiliate,3402.06,112345,3180,143
2025-04-14,Munich,Google Ads,9747.46,381216,6479,386
2025-04-14,Munich,Meta,8437.39,301699,7563,277
2025-04-14,Munich,Email,0.0,17806,553,34
2025-04-14,Munich,Organic,0.0,25607,847,36
2025-04-14,Munich,Affiliate,3761.33,111897,2256,145
2025-04-21,Munich,Google Ads,9697.3,276903,6487,381
2025-04-21,Munich,Meta,7470.76,236665,4346,208
2025-04-21,Munich,Email,0.0,17586,767,50
2025-04-21,Munich,Organic,0.0,35182,1336,105
2025-04-21,Munich,Affiliate,3392.74,95916,2005,122
2025-04-28,Munich,Google Ads,10479.56,361212,8259,369
2025-04-28,Munich,Meta,8458.58,283171,7255,266
2025-04-28,Munich,Email,0.0,9860,446,30
2025-04-28,Munich,Organic,0.0,28751,862,65
2025-04-28,Munich,Affiliate,3073.97,98007,2924,137
2025-05-05,Munich,Google Ads,9709.28,302162,5085,272
2025-05-05,Munich,Meta,7571.14,216910,5691,203
2025-05-05,Munich,Email,0.0,18750,803,62
2025-05-05,Munich,Organic,0.0,15753,456,20
2025-05-05,Munich,Affiliate,3274.63,96242,3041,137
2025-05-12,Munich,Google Ads,9942.89,279326,4594,183
2025-05-12,Munich,Meta,8046.62,268404,5404,229
2025-05-12,Munich,Email,0.0,17926,566,56
2025-05-12,Munich,Organic,0.0,38448,1112,63
2025-05-12,Munich,Affiliate,3275.58,104927,3366,109
2025-05-19,Munich,Google Ads,10218.13,390601,8378,285
2025-05-19,Munich,Meta,7154.44,267203,4982,261
2025-05-19,Munich,Email,0.0,15637,776,68
2025-05-19,Munich,Organic,0.0,38290,1202,80
2025-05-19,Munich,Affiliate,3790.91,141517,4494,160
2025-05-26,Munich,Google Ads,10255.11,382402,13219,695
2025-05-26,Munich,Meta,7936.33,284425,7898,360
2025-05-26,Munich,Email,0.0,15397,691,39
2025-05-26,Munich,Organic,0.0,34046,1211,90
2025-05-26,Munich,Affiliate,3639.42,106569,3486,154
2025-06-02,Munich,Google Ads,10150.17,306955,7910,532
2025-06-02,Munich,Meta,7510.45,294647,10107,426
2025-06-02,Munich,Email,0.0,17637,953,86
2025-06-02,Munich,Organic,0.0,35344,1139,54
2025-06-02,Munich,Affiliate,4022.28,158228,5442,181
2025-06-09,Munich,Google Ads,10613.98,421782,10034,666
2025-06-09,Munich,Meta,8065.64,270013,8475,413
2025-06-09,Munich,Email,0.0,12345,438,25
2025-06-09,Munich,Organic,0.0,17968,489,35
2025-06-09,Munich,Affiliate,3141.14,119521,1944,99
2025-06-16,Munich,Google Ads,8985.89,309224,5991,273
2025-06-16,Munich,Meta,7764.35,308105,6236,409
2025-06-16,Munich,Email,0.0,15407,731,53
2025-06-16,Munich,Organic,0.0,17976,614,36
2025-06-16,Munich,Affiliate,3008.17,110659,2847,184
2025-06-23,Munich,Google Ads,9385.84,283990,7136,340
2025-06-23,Munich,Meta,7679.29,253383,5575,330
2025-06-23,Munich,Email,0.0,10224,388,19
2025-06-23,Munich,Organic,0.0,30781,754,51
2025-06-23,Munich,Affiliate,3130.21,115635,1981,115
2025-06-30,Munich,Google Ads,9906.62,327750,10637,514
2025-06-30,Munich,Meta,7839.87,220165,3672,117
2025-06-30,Munich,Email,0.0,18983,642,56
2025-06-30,Munich,Organic,0.0,29499,763,45
2025-06-30,Munich,Affiliate,3212.15,114456,3034,158
2025-07-07,Munich,Google Ads,8667.37,270286,4967,331
2025-07-07,Munich,Meta,7390.13,285208,6316,334
2025-07-07,Munich,Email,0.0,10713,372,19
2025-07-07,Munich,Organic,0.0,31383,1240,72
2025-07-07,Munich,Affiliate,3407.12,106574,1996,86
2025-07-14,Munich,Google Ads,9033.1,308059,10097,435
2025-07-14,Munich,Meta,8033.62,254843,4546,264
2025-07-14,Munich,Email,0.0,12144,682,35
2025-07-14,Munich,Organic,0.0,39169,798,43
2025-07-14,Munich,Affiliate,3392.68,134787,2136,129
2025-07-21,Munich,Google Ads,9395.8,358485,9962,569
2025-07-21,Munich,Meta,7666.18,273498,9429,377
2025-07-21,Munich,Email,0.0,19509,688,48
2025-07-21,Munich,Organic,0.0,30779,1026,41
2025-07-21,Munich,Affiliate,3203.03,110232,2940,167
2025-07-28,Munich,Google Ads,9603.58,292101,7613,375
2025-07-28,Munich,Meta,7633.33,291613,5617,345
2025-07-28,Munich,Email,0.0,10619,358,22
2025-07-28,Munich,Organic,0.0,33286,1123,63
2025-07-28,Munich,Affiliate,3537.38,108659,2609,113
2025-08-04,Munich,Google Ads,9274.33,368259,10523,428
2025-08-04,Munich,Meta,8101.01,273183,5369,315
2025-08-04,Munich,Email,0.0,18730,710,54
2025-08-04,Munich,Organic,0.0,30792,772,49
2025-08-04,Munich,Affiliate,3905.78,151043,2957,165
2025-08-11,Munich,Google Ads,8923.8,318245,6378,208
2025-08-11,Munich,Meta,7766.89,262978,4269,192
2025-08-11,Munich,Email,0.0,10256,464,37
2025-08-11,Munich,Organic,0.0,16195,444,26
2025-08-11,Munich,Affiliate,3703.69,145781,2461,164
2025-08-18,Munich,Google Ads,10175.19,332755,8745,519
2025-08-18,Munich,Meta,7964.28,243334,3674,252
2025-08-18,Munich,Email,0.0,11941,500,26
2025-08-18,Munich,Organic,0.0,24433,900,43
2025-08-18,Munich,Affiliate,3657.43,127150,2396,112
2025-08-25,Munich,Google Ads,10273.52,383602,12081,605
2025-08-25,Munich,Meta,7828.98,289887,7382,251
2025-08-25,Munich,Email,0.0,15652,649,60
2025-08-25,Munich,Organic,0.0,25783,734,34
2025-08-25,Munich,Affiliate,4107.94,118075,3955,145
2025-09-01,Munich,Google Ads,10473.18,335459,10523,582
2025-09-01,Munich,Meta,8892.71,304878,6828,329
2025-09-01,Munich,Email,0.0,16586,502,41
2025-09-01,Munich,Organic,0.0,39454,1272,62
2025-09-01,Munich,Affiliate,3557.36,103343,2459,162
2025-09-08,Munich,Google Ads,9296.08,263213,4989,242
2025-09-08,Munich,Meta,8689.99,255427,7963,372
2025-09-08,Munich,Email,0.0,18738,749,61
2025-09-08,Munich,Organic,0.0,17216,657,51
2025-09-08,Munich,Affiliate,3747.94,148677,3243,187
2025-09-15,Munich,Google Ads,9349.38,360467,11414,423
2025-09-15,Munich,Meta,8394.52,249833,5620,365
2025-09-15,Munich,Email,0.0,8004,249,12
2025-09-15,Munich,Organic,0.0,20466,806,35
2025-09-15,Munich,Affiliate,3408.44,128529,2568,170
2025-09-22,Munich,Google Ads,9773.67,379714,8605,599
2025-09-22,Munich,Meta,7961.1,225096,4081,251
2025-09-22,Munich,Email,0.0,16816,707,67
2025-09-22,Munich,Organic,0.0,33631,744,45
2025-09-22,Munich,Affiliate,3656.41,131043,3544,229
2025-09-29,Munich,Google Ads,9981.78,280286,4772,328
2025-09-29,Munich,Meta,8147.54,298263,4722,291
2025-09-29,Munich,Email,0.0,9498,387,30
2025-09-29,Munich,Organic,0.0,34431,723,31
2025-09-29,Munich,Affiliate,3757.61,128895,2623,151
2025-10-06,Munich,Google Ads,10022.67,376063,8525,347
2025-10-06,Munich,Meta,7656.51,231473,6816,444
2025-10-06,Munich,Email,0.0,8576,379,21
2025-10-06,Munich,Organic,0.0,17232,532,38
2025-10-06,Munich,Affiliate,3390.89,122023,2151,139
2025-10-13,Munich,Google Ads,10157.42,341151,6557,388
2025-10-13,Munich,Meta,7396.24,235325,3706,173
2025-10-13,Munich,Email,0.0,12427,503,33
2025-10-13,Munich,Organic,0.0,18063,618,31
2025-10-13,Munich,Affiliate,3438.18,135026,2350,150
2025-10-20,Munich,Google Ads,9245.06,319414,7163,338
2025-10-20,Munich,Meta,7621.21,288946,7010,230
2025-10-20,Munich,Email,0.0,14756,791,63
2025-10-20,Munich,Organic,0.0,15026,395,22
2025-10-20,Munich,Affiliate,3337.07,116302,2609,181
2025-10-27,Munich,Google Ads,10794.06,428414,7994,311
2025-10-27,Munich,Meta,7773.5,243141,8056,362
2025-10-27,Munich,Email,0.0,12104,466,43
2025-10-27,Munich,Organic,0.0,28484,881,37
2025-10-27,Munich,Affiliate,3806.97,150410,5132,266
2025-11-03,Munich,Google Ads,9771.0,327664,10582,664
2025-11-03,Munich,Meta,7819.08,311419,8814,312
2025-11-03,Munich,Email,0.0,16172,826,63
2025-11-03,Munich,Organic,0.0,30404,1136,80
2025-11-03,Munich,Affiliate,3493.68,118661,2764,149
2025-11-10,Munich,Google Ads,10139.94,317145,6600,458
2025-11-10,Munich,Meta,8167.34,232836,6367,217
2025-11-10,Munich,Email,0.0,9527,427,41
2025-11-10,Munich,Organic,0.0,34337,743,50
2025-11-10,Munich,Affiliate,3571.11,114182,1779,95
2025-11-17,Munich,Google Ads,10365.21,360423,6384,349
2025-11-17,Munich,Meta,7650.66,295443,6127,272
2025-11-17,Munich,Email,0.0,9460,350,21
2025-11-17,Munich,Organic,0.0,38655,943,63
2025-11-17,Munich,Affiliate,3196.06,102591,3130,117
2025-11-24,Munich,Google Ads,10528.11,306593,9476,461
2025-11-24,Munich,Meta,7730.67,266223,8450,499
2025-11-24,Munich,Email,0.0,14169,559,33
2025-11-24,Munich,Organic,0.0,26323,830,59
2025-11-24,Munich,Affiliate,3750.59,144001,2928,163
2025-12-01,Munich,Google Ads,9166.31,365218,11103,497
2025-12-01,Munich,Meta,7407.32,225760,6504,423
2025-12-01,Munich,Email,0.0,18955,1044,77
2025-12-01,Munich,Organic,0.0,36207,771,40
2025-12-01,Munich,Affiliate,3274.66,110154,3219,189
2025-12-08,Munich,Google Ads,9854.5,292909,8837,414
2025-12-08,Munich,Meta,7543.32,272853,6841,240
2025-12-08,Munich,Email,0.0,8899,376,21
2025-12-08,Munich,Organic,0.0,39373,979,75
2025-12-08,Munich,Affiliate,3403.65,128370,2645,112
2025-12-15,Munich,Google Ads,8897.19,250731,6171,201
2025-12-15,Munich,Meta,8093.16,305322,9486,595
2025-12-15,Munich,Email,0.0,9845,549,46
2025-12-15,Munich,Organic,0.0,34062,1323,74
2025-12-15,Munich,Affiliate,4146.0,142107,2597,109
2025-12-22,Munich,Google Ads,9412.62,316979,7366,314
2025-12-22,Munich,Meta,7964.36,270604,6158,366
2025-12-22,Munich,Email,0.0,9972,463,27
2025-12-22,Munich,Organic,0.0,36980,1268,68
2025-12-22,Munich,Affiliate,3727.85,119643,3347,166
2024-01-01,Hamburg,Google Ads,11323.79,443294,12397,432
2024-01-01,Hamburg,Meta,5653.76,212832,7015,324
2024-01-01,Hamburg,Email,0.0,12093,499,32
2024-01-01,Hamburg,Organic,0.0,29248,908,72
2024-01-01,Hamburg,Affiliate,2334.6,67770,2314,75
2024-01-08,Hamburg,Google Ads,10485.82,394005,6707,355
2024-01-08,Hamburg,Meta,5313.72,202633,3131,218
2024-01-08,Hamburg,Email,0.0,11895,512,27
2024-01-08,Hamburg,Organic,0.0,30878,1218,49
2024-01-08,Hamburg,Affiliate,2417.83,89075,3059,157
2024-01-15,Hamburg,Google Ads,11019.98,379988,12606,520
2024-01-15,Hamburg,Meta,4923.57,142927,4114,123
2024-01-15,Hamburg,Email,0.0,14196,439,33
2024-01-15,Hamburg,Organic,0.0,21548,844,61
2024-01-15,Hamburg,Affiliate,2265.57,83120,1634,94
2024-01-22,Hamburg,Google Ads,11476.37,353257,8061,491
2024-01-22,Hamburg,Meta,5245.67,181371,4011,244
2024-01-22,Hamburg,Email,0.0,18371,740,48
2024-01-22,Hamburg,Organic,0.0,20004,721,33
2024-01-22,Hamburg,Affiliate,2200.22,61808,1935,99
2024-01-29,Hamburg,Google Ads,12244.18,362797,11582,638
2024-01-29,Hamburg,Meta,5836.89,172668,4458,283
2024-01-29,Hamburg,Email,0.0,16426,681,67
2024-01-29,Hamburg,Organic,0.0,23240,554,33
2024-01-29,Hamburg,Affiliate,2430.58,92065,2765,171
2024-02-05,Hamburg,Google Ads,10645.16,341074,6875,471
2024-02-05,Hamburg,Meta,5378.8,160149,2747,154
2024-02-05,Hamburg,Email,0.0,8160,348,25
2024-02-05,Hamburg,Organic,0.0,25839,841,64
2024-02-05,Hamburg,Affiliate,2267.13,78908,1708,55
2024-02-12,Hamburg,Google Ads,10487.39,309428,7723,484
2024-02-12,Hamburg,Meta,5495.27,183379,3263,145
2024-02-12,Hamburg,Email,0.0,15280,814,78
2024-02-12,Hamburg,Organic,0.0,26034,648,33
2024-02-12,Hamburg,Affiliate,2381.15,73691,2341,77
2024-02-19,Hamburg,Google Ads,10808.68,366522,7728,493
2024-02-19,Hamburg,Meta,5120.58,147384,3337,209
2024-02-19,Hamburg,Email,0.0,11084,555,55
2024-02-19,Hamburg,Organic,0.0,24766,775,46
2024-02-19,Hamburg,Affiliate,2413.43,95110,2628,168
2024-02-26,Hamburg,Google Ads,11387.63,335955,6785,410
2024-02-26,Hamburg,Meta,5354.48,171289,4283,250
2024-02-26,Hamburg,Email,0.0,15094,773,58
2024-02-26,Hamburg,Organic,0.0,29537,857,51
2024-02-26,Hamburg,Affiliate,2513.68,83072,2432,150
2024-03-04,Hamburg,Google Ads,10822.12,325455,11368,606
2024-03-04,Hamburg,Meta,5458.57,178122,3756,172
2024-03-04,Hamburg,Email,0.0,8578,425,34
2024-03-04,Hamburg,Organic,0.0,19709,707,55
2024-03-04,Hamburg,Affiliate,2445.27,90001,2002,108
2024-03-11,Hamburg,Google Ads,10812.09,348296,8590,425
2024-03-11,Hamburg,Meta,5596.73,168019,4165,129
2024-03-11,Hamburg,Email,0.0,9452,557,43
2024-03-11,Hamburg,Organic,0.0,33526,1059,56
2024-03-11,Hamburg,Affiliate,2434.64,86010,2483,133
2024-03-18,Hamburg,Google Ads,11100.05,437369,12030,522
2024-03-18,Hamburg,Meta,5254.91,157978,4073,183
2024-03-18,Hamburg,Email,0.0,12674,753,61
2024-03-18,Hamburg,Organic,0.0,34560,1102,76
2024-03-18,Hamburg,Affiliate,2406.16,83468,1589,64
2024-03-25,Hamburg,Google Ads,12023.09,429249,7687,331
2024-03-25,Hamburg,Meta,5148.34,152903,3748,242
2024-03-25,Hamburg,Email,0.0,10443,334,23
2024-03-25,Hamburg,Organic,0.0,37105,1116,83
2024-03-25,Hamburg,Affiliate,2210.47,61939,1005,57
2024-04-01,Hamburg,Google Ads,12333.27,390690,13250,424
2024-04-01,Hamburg,Meta,5393.87,171596,5874,310
2024-04-01,Hamburg,Email,0.0,18194,742,58
2024-04-01,Hamburg,Organic,0.0,27696,944,52
2024-04-01,Hamburg,Affiliate,2002.64,76834,1244,61
2024-04-08,Hamburg,Google Ads,11019.0,389070,10826,546
2024-04-08,Hamburg,Meta,5437.7,152732,3937,187
2024-04-08,Hamburg,Email,0.0,13514,438,35
2024-04-08,Hamburg,Organic,0.0,19236,678,47
2024-04-08,Hamburg,Affiliate,2253.87,89347,1356,60
2024-04-15,Hamburg,Google Ads,11800.44,413030,9601,370
2024-04-15,Hamburg,Meta,5827.98,163384,4671,296
2024-04-15,Hamburg,Email,0.0,19862,877,59
2024-04-15,Hamburg,Organic,0.0,34106,1211,80
2024-04-15,Hamburg,Affiliate,2370.94,86903,2277,97
2024-04-22,Hamburg,Google Ads,9717.31,342535,6588,453
2024-04-22,Hamburg,Meta,5625.84,177307,4939,199
2024-04-22,Hamburg,Email,0.0,10786,403,39
2024-04-22,Hamburg,Organic,0.0,33773,832,41
2024-04-22,Hamburg,Affiliate,2442.69,85607,2952,130
2024-04-29,Hamburg,Google Ads,11429.5,328214,8413,490
2024-04-29,Hamburg,Meta,5417.36,169510,2760,132
2024-04-29,Hamburg,Email,0.0,11990,425,28
2024-04-29,Hamburg,Organic,0.0,28196,1009,69
2024-04-29,Hamburg,Affiliate,2273.95,86359,1670,114
2024-05-06,Hamburg,Google Ads,10837.48,431845,10130,392
2024-05-06,Hamburg,Meta,4927.88,140923,4797,291
2024-05-06,Hamburg,Email,0.0,13118,573,43
2024-05-06,Hamburg,Organic,0.0,38028,909,54
2024-05-06,Hamburg,Affiliate,2403.15,73065,2067,112
2024-05-13,Hamburg,Google Ads,10719.33,344887,11378,683
2024-05-13,Hamburg,Meta,4856.85,141796,2751,111
2024-05-13,Hamburg,Email,0.0,10360,416,25
2024-05-13,Hamburg,Organic,0.0,23113,627,48
2024-05-13,Hamburg,Affiliate,2596.62,74385,1486,95
2024-05-20,Hamburg,Google Ads,10104.97,297870,6205,282
2024-05-20,Hamburg,Meta,5172.3,165397,5717,253
2024-05-20,Hamburg,Email,0.0,16142,536,49
2024-05-20,Hamburg,Organic,0.0,39840,1257,68
2024-05-20,Hamburg,Affiliate,2097.94,62067,1786,88
2024-05-27,Hamburg,Google Ads,10376.27,361310,5748,312
2024-05-27,Hamburg,Meta,5568.51,218954,6313,332
2024-05-27,Hamburg,Email,0.0,16879,512,51
2024-05-27,Hamburg,Organic,0.0,29986,1134,78
2024-05-27,Hamburg,Affiliate,2529.42,84634,1447,76
2024-06-03,Hamburg,Google Ads,10765.52,400908,6906,215
2024-06-03,Hamburg,Meta,5283.9,193223,6488,400
2024-06-03,Hamburg,Email,0.0,15674,517,28
2024-06-03,Hamburg,Organic,0.0,26694,898,57
2024-06-03,Hamburg,Affiliate,2611.39,84741,2547,177
2024-06-10,Hamburg,Google Ads,10737.35,397164,10605,470
2024-06-10,Hamburg,Meta,5245.72,165818,2568,101
2024-06-10,Hamburg,Email,0.0,10544,522,32
2024-06-10,Hamburg,Organic,0.0,18369,637,47
2024-06-10,Hamburg,Affiliate,2198.4,73178,1463,95
2024-06-17,Hamburg,Google Ads,10949.07,319481,8457,290
2024-06-17,Hamburg,Meta,5340.01,174419,3683,196
2024-06-17,Hamburg,Email,0.0,8055,414,26
2024-06-17,Hamburg,Organic,0.0,15427,310,19
2024-06-17,Hamburg,Affiliate,2171.51,71794,2204,151
2024-06-24,Hamburg,Google Ads,10193.67,387414,6585,386
2024-06-24,Hamburg,Meta,5529.46,159203,4791,150
2024-06-24,Hamburg,Email,0.0,10312,556,51
2024-06-24,Hamburg,Organic,0.0,19049,521,37
2024-06-24,Hamburg,Affiliate,2323.84,74693,2414,141
2024-07-01,Hamburg,Google Ads,11308.25,393179,10723,487
2024-07-01,Hamburg,Meta,5502.88,178593,4248,240
2024-07-01,Hamburg,Email,0.0,10119,402,33
2024-07-01,Hamburg,Organic,0.0,20405,534,29
2024-07-01,Hamburg,Affiliate,2192.41,85431,1288,69
2024-07-08,Hamburg,Google Ads,11377.66,388127,7351,428
2024-07-08,Hamburg,Meta,5858.55,193285,3813,127
2024-07-08,Hamburg,Email,0.0,19643,1170,80
2024-07-08,Hamburg,Organic,0.0,35865,1291,73
2024-07-08,Hamburg,Affiliate,2067.97,70770,2264,135
2024-07-15,Hamburg,Google Ads,10752.52,383251,8460,420
2024-07-15,Hamburg,Meta,5791.65,216957,4042,247
2024-07-15,Hamburg,Email,0.0,11371,656,37
2024-07-15,Hamburg,Organic,0.0,35436,786,60
2024-07-15,Hamburg,Affiliate,2179.61,67040,1178,36
2024-07-22,Hamburg,Google Ads,10363.41,374449,11842,630
2024-07-22,Hamburg,Meta,4852.96,187941,4357,146
2024-07-22,Hamburg,Email,0.0,19705,934,92
2024-07-22,Hamburg,Organic,0.0,33387,710,47
2024-07-22,Hamburg,Affiliate,2137.83,70559,1420,84
2024-07-29,Hamburg,Google Ads,11243.15,428588,11598,675
2024-07-29,Hamburg,Meta,5287.1,208363,4479,157
2024-07-29,Hamburg,Email,0.0,10325,553,40
2024-07-29,Hamburg,Organic,0.0,19322,735,31
2024-07-29,Hamburg,Affiliate,2497.6,82596,1246,47
2024-08-05,Hamburg,Google Ads,9894.96,360847,8710,279
2024-08-05,Hamburg,Meta,5248.91,152011,3857,248
2024-08-05,Hamburg,Email,0.0,11986,631,45
2024-08-05,Hamburg,Organic,0.0,19610,696,49
2024-08-05,Hamburg,Affiliate,2187.66,72082,2409,72
2024-08-12,Hamburg,Google Ads,11177.1,342773,7770,267
2024-08-12,Hamburg,Meta,5106.83,157001,2974,90
2024-08-12,Hamburg,Email,0.0,14467,602,45
2024-08-12,Hamburg,Organic,0.0,19932,728,50
2024-08-12,Hamburg,Affiliate,2357.27,78001,2668,122
2024-08-19,Hamburg,Google Ads,11706.5,388441,7183,371
2024-08-19,Hamburg,Meta,5212.23,201141,6901,394
2024-08-19,Hamburg,Email,0.0,19494,837,52
2024-08-19,Hamburg,Organic,0.0,33872,938,61
2024-08-19,Hamburg,Affiliate,2303.5,77354,1428,78
2024-08-26,Hamburg,Google Ads,10526.24,323060,5792,347
2024-08-26,Hamburg,Meta,5199.2,189155,3109,120
2024-08-26,Hamburg,Email,0.0,11664,402,37
2024-08-26,Hamburg,Organic,0.0,23792,844,38
2024-08-26,Hamburg,Affiliate,2070.6,61491,1016,64
2024-09-02,Hamburg,Google Ads,11071.46,387340,9887,660
2024-09-02,Hamburg,Meta,6014.4,210649,6775,230
2024-09-02,Hamburg,Email,0.0,17046,777,52
2024-09-02,Hamburg,Organic,0.0,36216,1157,62
2024-09-02,Hamburg,Affiliate,2449.12,72088,2082,144
2024-09-09,Hamburg,Google Ads,10047.61,377638,7121,245
2024-09-09,Hamburg,Meta,5449.42,215436,6979,319
2024-09-09,Hamburg,Email,0.0,18143,654,60
2024-09-09,Hamburg,Organic,0.0,21693,676,52
2024-09-09,Hamburg,Affiliate,2382.24,69568,1096,45
2024-09-16,Hamburg,Google Ads,11051.05,396745,6128,188
2024-09-16,Hamburg,Meta,5486.87,159887,5148,339
2024-09-16,Hamburg,Email,0.0,19997,836,60
2024-09-16,Hamburg,Organic,0.0,26449,1045,53
2024-09-16,Hamburg,Affiliate,2482.5,84410,2268,152
2024-09-23,Hamburg,Google Ads,11054.66,404135,13155,831
2024-09-23,Hamburg,Meta,5441.17,188670,6549,355
2024-09-23,Hamburg,Email,0.0,15568,752,57
2024-09-23,Hamburg,Organic,0.0,30883,887,64
2024-09-23,Hamburg,Affiliate,2301.01,90396,1396,72
2024-09-30,Hamburg,Google Ads,11520.74,331224,5052,282
2024-09-30,Hamburg,Meta,5521.66,202774,3345,162
2024-09-30,Hamburg,Email,0.0,15553,577,47
2024-09-30,Hamburg,Organic,0.0,28886,853,42
2024-09-30,Hamburg,Affiliate,2711.64,85840,1511,98
2024-10-07,Hamburg,Google Ads,11652.26,427149,10618,370
2024-10-07,Hamburg,Meta,5318.2,182232,3432,228
2024-10-07,Hamburg,Email,0.0,8022,388,22
2024-10-07,Hamburg,Organic,0.0,21899,491,25
2024-10-07,Hamburg,Affiliate,2475.1,81882,1769,102
2024-10-14,Hamburg,Google Ads,11515.79,360782,10388,470
2024-10-14,Hamburg,Meta,4757.3,149790,4614,197
2024-10-14,Hamburg,Email,0.0,18854,668,35
2024-10-14,Hamburg,Organic,0.0,34023,809,37
2024-10-14,Hamburg,Affiliate,2425.79,76520,2604,142
2024-10-21,Hamburg,Google Ads,10458.5,330970,5237,291
2024-10-21,Hamburg,Meta,5393.31,190462,3280,125
2024-10-21,Hamburg,Email,0.0,10429,409,23
2024-10-21,Hamburg,Organic,0.0,32430,1059,69
2024-10-21,Hamburg,Affiliate,2388.34,78392,1960,119
2024-10-28,Hamburg,Google Ads,10510.44,316659,7166,222
2024-10-28,Hamburg,Meta,5025.59,200944,3828,170
2024-10-28,Hamburg,Email,0.0,13678,626,50
2024-10-28,Hamburg,Organic,0.0,15498,425,22
2024-10-28,Hamburg,Affiliate,2456.32,86641,2537,159
2024-11-04,Hamburg,Google Ads,10737.3,341757,9133,455
2024-11-04,Hamburg,Meta,5259.74,148868,3131,176
2024-11-04,Hamburg,Email,0.0,14105,842,50
2024-11-04,Hamburg,Organic,0.0,38717,1283,89
2024-11-04,Hamburg,Affiliate,2186.08,64195,1730,76
2024-11-11,Hamburg,Google Ads,11112.42,382106,7372,363
2024-11-11,Hamburg,Meta,5112.48,165335,2761,149
2024-11-11,Hamburg,Email,0.0,14158,765,69
2024-11-11,Hamburg,Organic,0.0,16128,338,18
2024-11-11,Hamburg,Affiliate,2329.83,80811,1914,123
2024-11-18,Hamburg,Google Ads,11630.84,327132,9171,605
2024-11-18,Hamburg,Meta,4964.77,184192,3624,166
2024-11-18,Hamburg,Email,0.0,10985,569,44
2024-11-18,Hamburg,Organic,0.0,30358,839,44
2024-11-18,Hamburg,Affiliate,2300.17,66808,1441,88
2024-11-25,Hamburg,Google Ads,11276.54,355122,10589,458
2024-11-25,Hamburg,Meta,5141.85,195719,4883,155
2024-11-25,Hamburg,Email,0.0,10774,508,28
2024-11-25,Hamburg,Organic,0.0,39924,1282,90
2024-11-25,Hamburg,Affiliate,2431.76,85323,2624,82
2024-12-02,Hamburg,Google Ads,11517.04,361492,10476,489
2024-12-02,Hamburg,Meta,5421.94,206434,4073,259
2024-12-02,Hamburg,Email,0.0,11308,642,33
2024-12-02,Hamburg,Organic,0.0,16941,478,30
2024-12-02,Hamburg,Affiliate,2030.64,58812,1038,37
2024-12-09,Hamburg,Google Ads,11088.04,317729,7650,528
2024-12-09,Hamburg,Meta,5642.51,196668,4128,274
2024-12-09,Hamburg,Email,0.0,15892,500,49
2024-12-09,Hamburg,Organic,0.0,20277,745,34
2024-12-09,Hamburg,Affiliate,2275.52,84182,2437,104
2024-12-16,Hamburg,Google Ads,10567.04,396050,12380,432
2024-12-16,Hamburg,Meta,5550.06,201636,5681,301
2024-12-16,Hamburg,Email,0.0,9008,419,25
2024-12-16,Hamburg,Organic,0.0,35035,1351,99
2024-12-16,Hamburg,Affiliate,2373.01,82111,1636,72
2024-12-23,Hamburg,Google Ads,11191.63,441202,12986,587
2024-12-23,Hamburg,Meta,5207.13,191507,5081,200
2024-12-23,Hamburg,Email,0.0,11091,553,50
2024-12-23,Hamburg,Organic,0.0,36925,1289,102
2024-12-23,Hamburg,Affiliate,2405.57,77785,1898,88
2024-12-30,Hamburg,Google Ads,10579.59,375069,9024,527
2024-12-30,Hamburg,Meta,5248.35,207198,3144,128
2024-12-30,Hamburg,Email,0.0,13523,786,59
2024-12-30,Hamburg,Organic,0.0,32332,964,46
2024-12-30,Hamburg,Affiliate,2349.8,84243,1582,67
2025-01-06,Hamburg,Google Ads,11245.17,394386,11794,687
2025-01-06,Hamburg,Meta,5314.53,202742,4297,194
2025-01-06,Hamburg,Email,0.0,14039,586,30
2025-01-06,Hamburg,Organic,0.0,32587,802,47
2025-01-06,Hamburg,Affiliate,2274.23,65392,1805,61
2025-01-13,Hamburg,Google Ads,11128.14,391843,8464,300
2025-01-13,Hamburg,Meta,5552.68,190188,4799,221
2025-01-13,Hamburg,Email,0.0,17400,740,39
2025-01-13,Hamburg,Organic,0.0,22206,772,43
2025-01-13,Hamburg,Affiliate,2447.76,80573,1397,68
2025-01-20,Hamburg,Google Ads,10486.23,313384,5684,266
2025-01-20,Hamburg,Meta,5326.22,201683,3091,204
2025-01-20,Hamburg,Email,0.0,11885,583,48
2025-01-20,Hamburg,Organic,0.0,33629,719,35
2025-01-20,Hamburg,Affiliate,2438.39,72449,1420,81
2025-01-27,Hamburg,Google Ads,10842.17,425943,10922,724
2025-01-27,Hamburg,Meta,5427.03,162845,2701,169
2025-01-27,Hamburg,Email,0.0,19104,814,45
2025-01-27,Hamburg,Organic,0.0,19760,728,53
2025-01-27,Hamburg,Affiliate,2115.5,71802,2355,123
2025-02-03,Hamburg,Google Ads,10973.6,424189,12618,503
2025-02-03,Hamburg,Meta,5312.04,194499,4592,288
2025-02-03,Hamburg,Email,0.0,18701,634,39
2025-02-03,Hamburg,Organic,0.0,16058,564,30
2025-02-03,Hamburg,Affiliate,2325.32,88411,2772,154
2025-02-10,Hamburg,Google Ads,11491.78,329901,10356,319
2025-02-10,Hamburg,Meta,5265.01,209853,5511,251
2025-02-10,Hamburg,Email,0.0,14420,574,52
2025-02-10,Hamburg,Organic,0.0,39861,1483,85
2025-02-10,Hamburg,Affiliate,2484.44,84742,2460,145
2025-02-17,Hamburg,Google Ads,11162.52,328523,9014,331
2025-02-17,Hamburg,Meta,5134.98,167153,4176,168
2025-02-17,Hamburg,Email,0.0,8184,367,32
2025-02-17,Hamburg,Organic,0.0,37579,1170,57
2025-02-17,Hamburg,Affiliate,2247.1,66431,2080,127
2025-02-24,Hamburg,Google Ads,10425.52,346260,8468,390
2025-02-24,Hamburg,Meta,5859.64,212399,4342,145
2025-02-24,Hamburg,Email,0.0,17414,1011,67
2025-02-24,Hamburg,Organic,0.0,30368,1149,72
2025-02-24,Hamburg,Affiliate,2291.61,68728,2149,74
2025-03-03,Hamburg,Google Ads,10212.22,381115,7624,325
2025-03-03,Hamburg,Meta,5984.15,226225,6212,198
2025-03-03,Hamburg,Email,0.0,9451,504,25
2025-03-03,Hamburg,Organic,0.0,32998,1309,78
2025-03-03,Hamburg,Affiliate,2275.82,72159,1630,87
2025-03-10,Hamburg,Google Ads,10536.1,380881,5818,229
2025-03-10,Hamburg,Meta,5120.99,160395,4198,242
2025-03-10,Hamburg,Email,0.0,13610,492,40
2025-03-10,Hamburg,Organic,0.0,27290,709,43
2025-03-10,Hamburg,Affiliate,2466.13,71882,1221,71
2025-03-17,Hamburg,Google Ads,11271.26,434706,7084,295
2025-03-17,Hamburg,Meta,5484.11,186778,4533,174
2025-03-17,Hamburg,Email,0.0,16593,530,47
2025-03-17,Hamburg,Organic,0.0,33068,901,70
2025-03-17,Hamburg,Affiliate,2281.14,80046,1287,62
2025-03-24,Hamburg,Google Ads,10192.48,352802,11966,752
2025-03-24,Hamburg,Meta,4872.0,167135,5281,362
2025-03-24,Hamburg,Email,0.0,18903,957,78
2025-03-24,Hamburg,Organic,0.0,19524,597,31
2025-03-24,Hamburg,Affiliate,2474.51,77028,2304,155
2025-03-31,Hamburg,Google Ads,11506.67,451743,10861,753
2025-03-31,Hamburg,Meta,4854.54,158447,4403,271
2025-03-31,Hamburg,Email,0.0,8203,450,29
2025-03-31,Hamburg,Organic,0.0,22373,518,26
2025-03-31,Hamburg,Affiliate,2223.75,82723,2348,152
2025-04-07,Hamburg,Google Ads,11185.42,422825,10918,737
2025-04-07,Hamburg,Meta,5621.57,165375,3448,180
2025-04-07,Hamburg,Email,0.0,10900,575,52
2025-04-07,Hamburg,Organic,0.0,16487,544,25
2025-04-07,Hamburg,Affiliate,2299.48,81549,2160,67
2025-04-14,Hamburg,Google Ads,11292.42,348699,5295,333
2025-04-14,Hamburg,Meta,5891.55,166934,4924,321
2025-04-14,Hamburg,Email,0.0,10306,339,30
2025-04-14,Hamburg,Organic,0.0,34894,1109,82
2025-04-14,Hamburg,Affiliate,2179.04,79222,1600,50
2025-04-21,Hamburg,Google Ads,10428.0,332415,8383,429
2025-04-21,Hamburg,Meta,5281.56,171777,5808,325
2025-04-21,Hamburg,Email,0.0,19546,1091,72
2025-04-21,Hamburg,Organic,0.0,38401,1001,52
2025-04-21,Hamburg,Affiliate,2381.45,67498,1897,102
2025-04-28,Hamburg,Google Ads,10667.61,344098,5964,410
2025-04-28,Hamburg,Meta,5431.0,153175,3033,103
2025-04-28,Hamburg,Email,0.0,8892,423,24
2025-04-28,Hamburg,Organic,0.0,15121,367,27
2025-04-28,Hamburg,Affiliate,2198.36,72460,2476,105
2025-05-05,Hamburg,Google Ads,11216.36,402330,8810,466
2025-05-05,Hamburg,Meta,5550.92,192624,4824,196
2025-05-05,Hamburg,Email,0.0,14090,519,29
2025-05-05,Hamburg,Organic,0.0,29397,810,63
2025-05-05,Hamburg,Affiliate,2367.82,79292,1432,75
2025-05-12,Hamburg,Google Ads,10330.08,384180,10473,428
2025-05-12,Hamburg,Meta,5210.19,165483,4357,189
2025-05-12,Hamburg,Email,0.0,18726,1011,66
2025-05-12,Hamburg,Organic,0.0,30958,672,41
2025-05-12,Hamburg,Affiliate,2364.6,75112,1287,48
2025-05-19,Hamburg,Google Ads,10994.58,417874,7899,430
2025-05-19,Hamburg,Meta,5004.3,176180,3854,207
2025-05-19,Hamburg,Email,0.0,10109,600,46
2025-05-19,Hamburg,Organic,0.0,34739,1155,53
2025-05-19,Hamburg,Affiliate,2059.77,71766,1815,111
2025-05-26,Hamburg,Google Ads,11136.23,419448,6776,379
2025-05-26,Hamburg,Meta,5900.51,190663,6596,392
2025-05-26,Hamburg,Email,0.0,13666,793,76
2025-05-26,Hamburg,Organic,0.0,37155,1336,99
2025-05-26,Hamburg,Affiliate,2602.4,98984,1960,100
2025-06-02,Hamburg,Google Ads,11863.59,421382,6856,416
2025-06-02,Hamburg,Meta,5773.02,186897,4839,315
2025-06-02,Hamburg,Email,0.0,16521,562,44
2025-06-02,Hamburg,Organic,0.0,17142,676,35
2025-06-02,Hamburg,Affiliate,2386.71,71987,2335,162
2025-06-09,Hamburg,Google Ads,10813.61,403429,11509,502
2025-06-09,Hamburg,Meta,5210.04,154933,2954,180
2025-06-09,Hamburg,Email,0.0,13064,475,26
2025-06-09,Hamburg,Organic,0.0,28959,1064,73
2025-06-09,Hamburg,Affiliate,2211.79,72814,1439,49
2025-06-16,Hamburg,Google Ads,10626.59,360430,11639,431
2025-06-16,Hamburg,Meta,5738.54,225968,5531,326
2025-06-16,Hamburg,Email,0.0,8934,507,40
2025-06-16,Hamburg,Organic,0.0,38986,1518,76
2025-06-16,Hamburg,Affiliate,2410.89,93537,2198,153
2025-06-23,Hamburg,Google Ads,9768.67,282227,9211,523
2025-06-23,Hamburg,Meta,5270.38,169562,5499,186
2025-06-23,Hamburg,Email,0.0,9722,340,17
2025-06-23,Hamburg,Organic,0.0,38124,1513,87
2025-06-23,Hamburg,Affiliate,2356.29,93233,1801,61
2025-06-30,Hamburg,Google Ads,11492.06,419090,11421,683
2025-06-30,Hamburg,Meta,5174.45,174347,4357,154
2025-06-30,Hamburg,Email,0.0,12453,624,61
2025-06-30,Hamburg,Organic,0.0,16741,533,33
2025-06-30,Hamburg,Affiliate,2269.1,69069,1605,78
2025-07-07,Hamburg,Google Ads,11073.99,421454,10148,658
2025-07-07,Hamburg,Meta,5734.61,196757,5785,304
2025-07-07,Hamburg,Email,0.0,15330,872,59
2025-07-07,Hamburg,Organic,0.0,21809,804,56
2025-07-07,Hamburg,Affiliate,2199.01,67866,1404,64
2025-07-14,Hamburg,Google Ads,11451.29,451505,10388,404
2025-07-14,Hamburg,Meta,5408.49,212501,3449,121
2025-07-14,Hamburg,Email,0.0,12953,767,54
2025-07-14,Hamburg,Organic,0.0,37206,1406,81
2025-07-14,Hamburg,Affiliate,2331.3,79977,1995,82
2025-07-21,Hamburg,Google Ads,10809.98,361029,7752,303
2025-07-21,Hamburg,Meta,5129.42,189568,3646,125
2025-07-21,Hamburg,Email,0.0,15086,802,66
2025-07-21,Hamburg,Organic,0.0,30870,1121,73
2025-07-21,Hamburg,Affiliate,2167.07,82786,2566,86
2025-07-28,Hamburg,Google Ads,10394.33,294188,8049,418
2025-07-28,Hamburg,Meta,5521.4,171047,3564,239
2025-07-28,Hamburg,Email,0.0,8328,255,15
2025-07-28,Hamburg,Organic,0.0,34465,1105,66
2025-07-28,Hamburg,Affiliate,2139.08,80130,1943,132
2025-08-04,Hamburg,Google Ads,10469.05,318090,8668,533
2025-08-04,Hamburg,Meta,5194.73,151112,3465,189
2025-08-04,Hamburg,Email,0.0,12477,534,50
2025-08-04,Hamburg,Organic,0.0,18220,687,40
2025-08-04,Hamburg,Affiliate,2265.57,84528,1656,51
2025-08-11,Hamburg,Google Ads,10713.45,384581,11571,790
2025-08-11,Hamburg,Meta,5340.26,168644,4427,265
2025-08-11,Hamburg,Email,0.0,19257,702,63
2025-08-11,Hamburg,Organic,0.0,20868,756,31
2025-08-11,Hamburg,Affiliate,2717.33,87791,2344,106
2025-08-18,Hamburg,Google Ads,10843.99,316473,6644,394
2025-08-18,Hamburg,Meta,5121.21,167060,2651,134
2025-08-18,Hamburg,Email,0.0,11811,573,29
2025-08-18,Hamburg,Organic,0.0,21447,818,55
2025-08-18,Hamburg,Affiliate,2010.49,72959,2449,122
2025-08-25,Hamburg,Google Ads,10781.78,349297,8132,393
2025-08-25,Hamburg,Meta,4904.71,170086,3572,210
2025-08-25,Hamburg,Email,0.0,18178,782,54
2025-08-25,Hamburg,Organic,0.0,36988,1417,107
2025-08-25,Hamburg,Affiliate,2127.88,83256,2027,91
2025-09-01,Hamburg,Google Ads,9646.01,334774,5189,269
2025-09-01,Hamburg,Meta,5399.55,174549,4232,151
2025-09-01,Hamburg,Email,0.0,19297,884,68
2025-09-01,Hamburg,Organic,0.0,16581,368,17
2025-09-01,Hamburg,Affiliate,2183.83,75494,2136,139
2025-09-08,Hamburg,Google Ads,10655.0,396523,10120,324
2025-09-08,Hamburg,Meta,5459.17,168240,3579,208
2025-09-08,Hamburg,Email,0.0,18559,1054,98
2025-09-08,Hamburg,Organic,0.0,32182,692,47
2025-09-08,Hamburg,Affiliate,2162.56,85447,2854,132
2025-09-15,Hamburg,Google Ads,11019.35,325626,9806,638
2025-09-15,Hamburg,Meta,5429.62,166663,3776,237
2025-09-15,Hamburg,Email,0.0,11283,494,45
2025-09-15,Hamburg,Organic,0.0,16609,378,22
2025-09-15,Hamburg,Affiliate,2301.59,76586,2258,153
2025-09-22,Hamburg,Google Ads,11175.67,424623,7178,288
2025-09-22,Hamburg,Meta,5017.29,150902,4028,280
2025-09-22,Hamburg,Email,0.0,11468,553,30
2025-09-22,Hamburg,Organic,0.0,25845,665,33
2025-09-22,Hamburg,Affiliate,2683.93,95903,1682,111
2025-09-29,Hamburg,Google Ads,10562.15,402220,9669,561
2025-09-29,Hamburg,Meta,5398.4,166623,3364,144
2025-09-29,Hamburg,Email,0.0,9521,546,41
2025-09-29,Hamburg,Organic,0.0,26277,854,61
2025-09-29,Hamburg,Affiliate,2390.23,67128,2298,140
2025-10-06,Hamburg,Google Ads,10745.89,337856,6012,361
2025-10-06,Hamburg,Meta,5375.29,185940,4969,178
2025-10-06,Hamburg,Email,0.0,11740,473,27
2025-10-06,Hamburg,Organic,0.0,39762,1479,105
2025-10-06,Hamburg,Affiliate,2661.75,78262,1464,97
2025-10-13,Hamburg,Google Ads,11153.56,332858,6262,417
2025-10-13,Hamburg,Meta,5569.7,221670,5235,272
2025-10-13,Hamburg,Email,0.0,12663,456,32
2025-10-13,Hamburg,Organic,0.0,30345,1051,65
2025-10-13,Hamburg,Affiliate,2166.75,79790,2234,90
2025-10-20,Hamburg,Google Ads,10537.92,334680,9292,312
2025-10-20,Hamburg,Meta,5165.64,197567,5634,286
2025-10-20,Hamburg,Email,0.0,19029,602,44
2025-10-20,Hamburg,Organic,0.0,36083,1001,44
2025-10-20,Hamburg,Affiliate,2470.88,84418,2403,94
2025-10-27,Hamburg,Google Ads,10753.52,372575,11539,494
2025-10-27,Hamburg,Meta,5031.01,187156,5901,305
2025-10-27,Hamburg,Email,0.0,15082,512,44
2025-10-27,Hamburg,Organic,0.0,22315,721,40
2025-10-27,Hamburg,Affiliate,2705.58,101475,3087,196
2025-11-03,Hamburg,Google Ads,10914.16,352883,7762,369
2025-11-03,Hamburg,Meta,5304.11,183083,3434,223
2025-11-03,Hamburg,Email,0.0,17834,1060,82
2025-11-03,Hamburg,Organic,0.0,32835,873,44
2025-11-03,Hamburg,Affiliate,2329.22,92226,2620,132
2025-11-10,Hamburg,Google Ads,11408.36,389760,10288,665
2025-11-10,Hamburg,Meta,5428.08,164009,4393,261
2025-11-10,Hamburg,Email,0.0,16164,857,60
2025-11-10,Hamburg,Organic,0.0,19154,651,49
2025-11-10,Hamburg,Affiliate,2083.32,83101,2820,185
2025-11-17,Hamburg,Google Ads,11703.29,340130,11635,570
2025-11-17,Hamburg,Meta,5211.47,190219,6257,358
2025-11-17,Hamburg,Email,0.0,15550,679,62
2025-11-17,Hamburg,Organic,0.0,16655,528,21
2025-11-17,Hamburg,Affiliate,2451.97,70537,2287,91
2025-11-24,Hamburg,Google Ads,10959.41,363158,8507,267
2025-11-24,Hamburg,Meta,5006.32,176139,2901,123
2025-11-24,Hamburg,Email,0.0,14563,590,37
2025-11-24,Hamburg,Organic,0.0,16763,402,28
2025-11-24,Hamburg,Affiliate,2309.02,91187,1801,97
2025-12-01,Hamburg,Google Ads,11016.3,376387,12299,723
2025-12-01,Hamburg,Meta,4986.76,170228,4793,159
2025-12-01,Hamburg,Email,0.0,15256,493,46
2025-12-01,Hamburg,Organic,0.0,32065,1032,51
2025-12-01,Hamburg,Affiliate,2272.73,68452,1393,60
2025-12-08,Hamburg,Google Ads,11617.87,394809,6737,428
2025-12-08,Hamburg,Meta,5186.84,165695,2564,89
2025-12-08,Hamburg,Email,0.0,9496,469,29
2025-12-08,Hamburg,Organic,0.0,23597,931,52
2025-12-08,Hamburg,Affiliate,2500.55,81774,2787,112
2025-12-15,Hamburg,Google Ads,11302.16,416891,13793,706
2025-12-15,Hamburg,Meta,5043.58,163384,3270,172
2025-12-15,Hamburg,Email,0.0,10980,462,40
2025-12-15,Hamburg,Organic,0.0,22027,579,42
2025-12-15,Hamburg,Affiliate,2206.73,79984,1702,74
2025-12-22,Hamburg,Google Ads,11420.73,361952,6726,379
2025-12-22,Hamburg,Meta,5227.65,205198,6161,279
2025-12-22,Hamburg,Email,0.0,8835,508,39
2025-12-22,Hamburg,Organic,0.0,36117,1406,77
2025-12-22,Hamburg,Affiliate,2114.59,69654,1941,111
2024-01-01,Cologne,Google Ads,11140.33,358836,8182,560
2024-01-01,Cologne,Meta,8923.65,271881,8832,455
2024-01-01,Cologne,Email,0.0,13403,437,39
2024-01-01,Cologne,Organic,0.0,29099,1134,90
2024-01-01,Cologne,Affiliate,4998.01,172930,5473,328
2024-01-08,Cologne,Google Ads,10962.57,419904,13318,502
2024-01-08,Cologne,Meta,8582.09,296321,8928,330
2024-01-08,Cologne,Email,0.0,11595,638,37
2024-01-08,Cologne,Organic,0.0,35592,919,46
2024-01-08,Cologne,Affiliate,4872.41,180457,4015,236
2024-01-15,Cologne,Google Ads,10629.47,357328,6727,352
2024-01-15,Cologne,Meta,8817.46,269801,9150,595
2024-01-15,Cologne,Email,0.0,12854,659,42
2024-01-15,Cologne,Organic,0.0,39067,800,34
2024-01-15,Cologne,Affiliate,4667.92,147832,4131,239
2024-01-22,Cologne,Google Ads,11876.63,470667,7285,338
2024-01-22,Cologne,Meta,9202.85,293821,10121,428
2024-01-22,Cologne,Email,0.0,15487,643,61
2024-01-22,Cologne,Organic,0.0,21901,790,36
2024-01-22,Cologne,Affiliate,4672.92,160275,2676,130
2024-01-29,Cologne,Google Ads,11083.39,425167,13679,654
2024-01-29,Cologne,Meta,8469.29,336241,9389,516
2024-01-29,Cologne,Email,0.0,13208,426,36
2024-01-29,Cologne,Organic,0.0,30395,912,47
2024-01-29,Cologne,Affiliate,4655.11,154502,2755,143
2024-02-05,Cologne,Google Ads,11912.19,376951,8912,357
2024-02-05,Cologne,Meta,8997.04,281119,5115,190
2024-02-05,Cologne,Email,0.0,12663,727,69
2024-02-05,Cologne,Organic,0.0,38526,1096,83
2024-02-05,Cologne,Affiliate,4220.5,162982,4744,328
2024-02-12,Cologne,Google Ads,10186.21,395572,11168,597
2024-02-12,Cologne,Meta,9594.52,273066,6374,421
2024-02-12,Cologne,Email,0.0,10275,325,29
2024-02-12,Cologne,Organic,0.0,26817,871,57
2024-02-12,Cologne,Affiliate,4377.23,123533,2250,103
2024-02-19,Cologne,Google Ads,10870.06,385123,10385,687
2024-02-19,Cologne,Meta,8812.1,303497,8173,249
2024-02-19,Cologne,Email,0.0,11022,433,23
2024-02-19,Cologne,Organic,0.0,27947,1087,44
2024-02-19,Cologne,Affiliate,4788.65,146829,3068,180
2024-02-26,Cologne,Google Ads,11550.24,377283,8243,352
2024-02-26,Cologne,Meta,8572.34,245608,7060,492
2024-02-26,Cologne,Email,0.0,8453,383,25
2024-02-26,Cologne,Organic,0.0,27412,1060,57
2024-02-26,Cologne,Affiliate,4972.31,192997,6105,190
2024-03-04,Cologne,Google Ads,10945.54,329003,11048,562
2024-03-04,Cologne,Meta,9316.63,275541,4165,134
2024-03-04,Cologne,Email,0.0,16939,939,58
2024-03-04,Cologne,Organic,0.0,38479,1446,58
2024-03-04,Cologne,Affiliate,5471.97,203791,3981,121
2024-03-11,Cologne,Google Ads,11504.86,398991,8767,486
2024-03-11,Cologne,Meta,8494.34,269789,4297,131
2024-03-11,Cologne,Email,0.0,19400,775,49
2024-03-11,Cologne,Organic,0.0,27243,859,46
2024-03-11,Cologne,Affiliate,4930.15,151590,3490,175
2024-03-18,Cologne,Google Ads,12577.47,492559,7851,513
2024-03-18,Cologne,Meta,7664.07,299552,9757,534
2024-03-18,Cologne,Email,0.0,12568,641,43
2024-03-18,Cologne,Organic,0.0,19658,452,32
2024-03-18,Cologne,Affiliate,4783.79,181901,5622,230
2024-03-25,Cologne,Google Ads,10460.73,293729,5387,323
2024-03-25,Cologne,Meta,8790.91,263226,7284,386
2024-03-25,Cologne,Email,0.0,15717,573,45
2024-03-25,Cologne,Organic,0.0,31819,979,68
2024-03-25,Cologne,Affiliate,4370.67,173265,5627,199
2024-04-01,Cologne,Google Ads,11804.88,454163,15342,1061
2024-04-01,Cologne,Meta,9282.75,284139,4931,195
2024-04-01,Cologne,Email,0.0,10139,508,35
2024-04-01,Cologne,Organic,0.0,39807,1117,80
2024-04-01,Cologne,Affiliate,4301.25,129583,2159,79
2024-04-08,Cologne,Google Ads,11696.23,357926,9851,393
2024-04-08,Cologne,Meta,9808.24,312236,7167,359
2024-04-08,Cologne,Email,0.0,15499,875,63
2024-04-08,Cologne,Organic,0.0,17115,381,20
2024-04-08,Cologne,Affiliate,4528.04,140117,2295,143
2024-04-15,Cologne,Google Ads,10989.11,327883,10052,673
2024-04-15,Cologne,Meta,8392.96,294416,7870,313
2024-04-15,Cologne,Email,0.0,16807,682,50
2024-04-15,Cologne,Organic,0.0,23662,589,26
2024-04-15,Cologne,Affiliate,4424.22,127197,2524,120
2024-04-22,Cologne,Google Ads,11252.48,429011,10934,682
2024-04-22,Cologne,Meta,8428.81,271220,6557,427
2024-04-22,Cologne,Email,0.0,8943,511,42
2024-04-22,Cologne,Organic,0.0,18327,564,22
2024-04-22,Cologne,Affiliate,3924.92,154681,4232,172
2024-04-29,Cologne,Google Ads,11857.36,459622,13529,463
2024-04-29,Cologne,Meta,8303.32,313604,5413,171
2024-04-29,Cologne,Email,0.0,13256,685,62
2024-04-29,Cologne,Organic,0.0,24983,516,31
2024-04-29,Cologne,Affiliate,4555.28,174493,3125,179
2024-05-06,Cologne,Google Ads,10372.03,359147,8163,465
2024-05-06,Cologne,Meta,8440.6,288671,8567,435
2024-05-06,Cologne,Email,0.0,12698,433,32
2024-05-06,Cologne,Organic,0.0,15836,379,20
2024-05-06,Cologne,Affiliate,4577.63,146944,2606,181
2024-05-13,Cologne,Google Ads,11445.95,417669,11791,559
2024-05-13,Cologne,Meta,8436.98,238704,4724,143
2024-05-13,Cologne,Email,0.0,9942,484,43
2024-05-13,Cologne,Organic,0.0,24955,789,34
2024-05-13,Cologne,Affiliate,4259.17,166073,4577,205
2024-05-20,Cologne,Google Ads,11446.29,406306,8960,403
2024-05-20,Cologne,Meta,9306.88,338581,10237,584
2024-05-20,Cologne,Email,0.0,16686,832,74
2024-05-20,Cologne,Organic,0.0,26153,803,34
2024-05-20,Cologne,Affiliate,4910.82,192259,2927,89
2024-05-27,Cologne,Google Ads,10370.89,315474,10796,524
2024-05-27,Cologne,Meta,9601.14,359992,5732,313
2024-05-27,Cologne,Email,0.0,14856,508,45
2024-05-27,Cologne,Organic,0.0,15445,314,13
2024-05-27,Cologne,Affiliate,4200.92,123577,2410,110
2024-06-03,Cologne,Google Ads,11263.46,316312,10043,361
2024-06-03,Cologne,Meta,8566.4,325863,4941,247
2024-06-03,Cologne,Email,0.0,17157,923,58
2024-06-03,Cologne,Organic,0.0,17551,583,27
2024-06-03,Cologne,Affiliate,4254.92,163737,4085,154
2024-06-10,Cologne,Google Ads,11439.0,452582,15231,873
2024-06-10,Cologne,Meta,8507.62,248844,7370,454
2024-06-10,Cologne,Email,0.0,17372,906,58
2024-06-10,Cologne,Organic,0.0,27049,733,40
2024-06-10,Cologne,Affiliate,4663.31,181958,3307,196
2024-06-17,Cologne,Google Ads,11370.85,323763,6561,449
2024-06-17,Cologne,Meta,8574.7,265485,6028,321
2024-06-17,Cologne,Email,0.0,11308,563,30
2024-06-17,Cologne,Organic,0.0,26176,949,64
2024-06-17,Cologne,Affiliate,4675.66,184966,3614,152
2024-06-24,Cologne,Google Ads,11548.3,367672,12671,506
2024-06-24,Cologne,Meta,8941.71,327804,7807,306
2024-06-24,Cologne,Email,0.0,17192,657,60
2024-06-24,Cologne,Organic,0.0,37276,1283,80
2024-06-24,Cologne,Affiliate,4628.0,157943,2884,122
2024-07-01,Cologne,Google Ads,10776.88,380633,9655,641
2024-07-01,Cologne,Meta,9405.94,361757,11661,662
2024-07-01,Cologne,Email,0.0,13565,761,46
2024-07-01,Cologne,Organic,0.0,15444,506,31
2024-07-01,Cologne,Affiliate,4932.67,188877,3317,225
2024-07-08,Cologne,Google Ads,12269.24,461668,14372,537
2024-07-08,Cologne,Meta,8964.03,260118,5843,231
2024-07-08,Cologne,Email,0.0,9015,402,31
2024-07-08,Cologne,Organic,0.0,25612,527,33
2024-07-08,Cologne,Affiliate,4187.17,134933,2304,69
2024-07-15,Cologne,Google Ads,11114.37,354802,8270,551
2024-07-15,Cologne,Meta,8985.91,279468,5740,203
2024-07-15,Cologne,Email,0.0,11243,664,35
2024-07-15,Cologne,Organic,0.0,23764,686,34
2024-07-15,Cologne,Affiliate,4883.04,162095,4314,195
2024-07-22,Cologne,Google Ads,10498.21,303519,10047,310
2024-07-22,Cologne,Meta,8911.74,284669,4876,226
2024-07-22,Cologne,Email,0.0,10787,547,46
2024-07-22,Cologne,Organic,0.0,17603,387,29
2024-07-22,Cologne,Affiliate,4228.88,136940,3872,250
2024-07-29,Cologne,Google Ads,10966.79,413372,11909,508
2024-07-29,Cologne,Meta,8799.05,351283,5905,405
2024-07-29,Cologne,Email,0.0,12812,752,68
2024-07-29,Cologne,Organic,0.0,29856,614,39
2024-07-29,Cologne,Affiliate,4841.73,179274,6228,360
2024-08-05,Cologne,Google Ads,10793.46,341604,11261,360
2024-08-05,Cologne,Meta,8261.34,285949,6299,438
2024-08-05,Cologne,Email,0.0,8793,278,20
2024-08-05,Cologne,Organic,0.0,26334,768,50
2024-08-05,Cologne,Affiliate,4614.25,158048,2687,142
2024-08-12,Cologne,Google Ads,10821.01,363617,12208,812
2024-08-12,Cologne,Meta,8929.12,265545,5159,349
2024-08-12,Cologne,Email,0.0,13859,817,62
2024-08-12,Cologne,Organic,0.0,24653,570,25
2024-08-12,Cologne,Affiliate,4494.77,156698,3510,187
2024-08-19,Cologne,Google Ads,11088.99,370812,7518,389
2024-08-19,Cologne,Meta,8471.32,316395,10679,719
2024-08-19,Cologne,Email,0.0,8618,369,25
2024-08-19,Cologne,Organic,0.0,35480,955,49
2024-08-19,Cologne,Affiliate,4326.82,125481,3498,209
2024-08-26,Cologne,Google Ads,10832.84,317205,6368,310
2024-08-26,Cologne,Meta,8770.16,246035,7607,363
2024-08-26,Cologne,Email,0.0,15298,911,61
2024-08-26,Cologne,Organic,0.0,15919,485,25
2024-08-26,Cologne,Affiliate,4646.01,154448,5120,261
2024-09-02,Cologne,Google Ads,11025.85,432925,13597,922
2024-09-02,Cologne,Meta,8011.57,276865,8657,501
2024-09-02,Cologne,Email,0.0,19113,1030,91
2024-09-02,Cologne,Organic,0.0,22757,725,54
2024-09-02,Cologne,Affiliate,4675.45,177311,5565,318
2024-09-09,Cologne,Google Ads,11712.99,455737,15214,750
2024-09-09,Cologne,Meta,9041.83,312051,10621,526
2024-09-09,Cologne,Email,0.0,12393,382,23
2024-09-09,Cologne,Organic,0.0,30392,1086,64
2024-09-09,Cologne,Affiliate,4094.42,144710,2580,85
2024-09-16,Cologne,Google Ads,11398.22,415624,13806,797
2024-09-16,Cologne,Meta,8564.66,276246,5831,285
2024-09-16,Cologne,Email,0.0,14538,749,49
2024-09-16,Cologne,Organic,0.0,16105,541,43
2024-09-16,Cologne,Affiliate,5011.42,184219,3053,115
2024-09-23,Cologne,Google Ads,10577.83,362890,9875,466
2024-09-23,Cologne,Meta,8539.71,330542,9942,420
2024-09-23,Cologne,Email,0.0,15252,786,66
2024-09-23,Cologne,Organic,0.0,19282,671,44
2024-09-23,Cologne,Affiliate,4691.88,145551,2240,95
2024-09-30,Cologne,Google Ads,11111.11,365259,8481,572
2024-09-30,Cologne,Meta,8844.32,339502,6451,407
2024-09-30,Cologne,Email,0.0,10734,435,28
2024-09-30,Cologne,Organic,0.0,34087,882,61
2024-09-30,Cologne,Affiliate,4764.4,182417,2757,145
2024-10-07,Cologne,Google Ads,11955.71,336125,6324,418
2024-10-07,Cologne,Meta,8465.25,254748,4218,241
2024-10-07,Cologne,Email,0.0,8801,281,22
2024-10-07,Cologne,Organic,0.0,20666,636,26
2024-10-07,Cologne,Affiliate,4517.29,127116,2067,112
2024-10-14,Cologne,Google Ads,13290.74,515391,8957,463
2024-10-14,Cologne,Meta,8517.85,292574,10177,653
2024-10-14,Cologne,Email,0.0,17654,610,33
2024-10-14,Cologne,Organic,0.0,21214,556,38
2024-10-14,Cologne,Affiliate,4155.35,149348,2782,95
2024-10-21,Cologne,Google Ads,11582.97,364274,6283,189
2024-10-21,Cologne,Meta,8260.9,269310,5150,250
2024-10-21,Cologne,Email,0.0,17590,1052,100
2024-10-21,Cologne,Organic,0.0,23080,840,61
2024-10-21,Cologne,Affiliate,4196.62,146774,3206,103
2024-10-28,Cologne,Google Ads,10383.1,345626,8900,423
2024-10-28,Cologne,Meta,9348.85,286780,4757,316
2024-10-28,Cologne,Email,0.0,11394,385,38
2024-10-28,Cologne,Organic,0.0,22651,583,23
2024-10-28,Cologne,Affiliate,4489.66,178208,5905,200
2024-11-04,Cologne,Google Ads,11334.78,420972,9698,345
2024-11-04,Cologne,Meta,8929.11,280484,8314,553
2024-11-04,Cologne,Email,0.0,9494,318,22
2024-11-04,Cologne,Organic,0.0,38763,1455,63
2024-11-04,Cologne,Affiliate,4673.35,133701,4363,263
2024-11-11,Cologne,Google Ads,11291.24,421341,13940,679
2024-11-11,Cologne,Meta,8300.74,327832,6424,436
2024-11-11,Cologne,Email,0.0,17239,711,44
2024-11-11,Cologne,Organic,0.0,32703,758,44
2024-11-11,Cologne,Affiliate,4549.22,151858,3239,169
2024-11-18,Cologne,Google Ads,11118.94,317966,10676,743
2024-11-18,Cologne,Meta,9152.75,327297,5167,223
2024-11-18,Cologne,Email,0.0,8579,510,47
2024-11-18,Cologne,Organic,0.0,18191,530,23
2024-11-18,Cologne,Affiliate,4938.88,139964,2858,149
2024-11-25,Cologne,Google Ads,11361.03,339326,6409,227
2024-11-25,Cologne,Meta,8966.56,262493,6293,370
2024-11-25,Cologne,Email,0.0,11999,460,39
2024-11-25,Cologne,Organic,0.0,35250,965,57
2024-11-25,Cologne,Affiliate,4296.38,163301,4577,293
2024-12-02,Cologne,Google Ads,11613.74,344484,11732,713
2024-12-02,Cologne,Meta,8518.29,251719,8391,481
2024-12-02,Cologne,Email,0.0,13774,549,53
2024-12-02,Cologne,Organic,0.0,38100,1142,69
2024-12-02,Cologne,Affiliate,4668.09,142797,2340,116
2024-12-09,Cologne,Google Ads,11859.39,444688,9401,467
2024-12-09,Cologne,Meta,8241.34,252405,8469,554
2024-12-09,Cologne,Email,0.0,8763,423,34
2024-12-09,Cologne,Organic,0.0,15399,536,37
2024-12-09,Cologne,Affiliate,4883.67,156834,5398,238
2024-12-16,Cologne,Google Ads,11488.93,408473,8431,590
2024-12-16,Cologne,Meta,8403.14,279797,8167,332
2024-12-16,Cologne,Email,0.0,10380,332,24
2024-12-16,Cologne,Organic,0.0,39004,815,44
2024-12-16,Cologne,Affiliate,3981.57,132302,3836,119
2024-12-23,Cologne,Google Ads,10384.65,312645,6487,216
2024-12-23,Cologne,Meta,8344.06,327543,6681,257
2024-12-23,Cologne,Email,0.0,15690,918,65
2024-12-23,Cologne,Organic,0.0,37323,1092,58
2024-12-23,Cologne,Affiliate,4397.98,143197,4394,281
2024-12-30,Cologne,Google Ads,11329.95,421010,7676,483
2024-12-30,Cologne,Meta,9854.77,325591,10753,646
2024-12-30,Cologne,Email,0.0,14832,751,41
2024-12-30,Cologne,Organic,0.0,23872,536,27
2024-12-30,Cologne,Affiliate,4576.91,152003,4029,243
2025-01-06,Cologne,Google Ads,10745.29,364468,6750,360
2025-01-06,Cologne,Meta,8643.11,311556,6032,412
2025-01-06,Cologne,Email,0.0,18595,942,71
2025-01-06,Cologne,Organic,0.0,35099,809,55
2025-01-06,Cologne,Affiliate,4901.32,169134,2910,163
2025-01-13,Cologne,Google Ads,9950.64,295073,8739,364
2025-01-13,Cologne,Meta,8671.41,291943,5547,346
2025-01-13,Cologne,Email,0.0,11913,525,36
2025-01-13,Cologne,Organic,0.0,18478,711,31
2025-01-13,Cologne,Affiliate,4494.35,145966,3399,189
2025-01-20,Cologne,Google Ads,11895.24,422130,13117,903
2025-01-20,Cologne,Meta,8368.86,314982,7146,274
2025-01-20,Cologne,Email,0.0,14563,622,34
2025-01-20,Cologne,Organic,0.0,30515,1165,63
2025-01-20,Cologne,Affiliate,3706.11,123884,3175,113
2025-01-27,Cologne,Google Ads,11249.21,373474,6918,357
2025-01-27,Cologne,Meta,8479.08,328697,11298,372
2025-01-27,Cologne,Email,0.0,8716,398,36
2025-01-27,Cologne,Organic,0.0,21688,611,37
2025-01-27,Cologne,Affiliate,4428.91,125303,3062,194
2025-02-03,Cologne,Google Ads,11494.15,410420,6671,312
2025-02-03,Cologne,Meta,7725.73,290826,4784,311
2025-02-03,Cologne,Email,0.0,12837,456,27
2025-02-03,Cologne,Organic,0.0,39601,911,71
2025-02-03,Cologne,Affiliate,4662.03,139973,2238,67
2025-02-10,Cologne,Google Ads,10678.6,342997,9746,585
2025-02-10,Cologne,Meta,8454.46,307692,6969,404
2025-02-10,Cologne,Email,0.0,12783,435,31
2025-02-10,Cologne,Organic,0.0,15530,471,23
2025-02-10,Cologne,Affiliate,4724.34,182324,3420,197
2025-02-17,Cologne,Google Ads,11110.9,344841,8242,489
2025-02-17,Cologne,Meta,7821.83,219778,5849,353
2025-02-17,Cologne,Email,0.0,19639,748,43
2025-02-17,Cologne,Organic,0.0,16773,556,36
2025-02-17,Cologne,Affiliate,4717.74,161424,4710,159
2025-02-24,Cologne,Google Ads,11416.98,418355,12301,445
2025-02-24,Cologne,Meta,9087.83,316253,7415,363
2025-02-24,Cologne,Email,0.0,10000,307,26
2025-02-24,Cologne,Organic,0.0,39145,790,43
2025-02-24,Cologne,Affiliate,4336.69,159951,5322,196
2025-03-03,Cologne,Google Ads,11555.4,360840,10611,555
2025-03-03,Cologne,Meta,9054.13,327292,11095,466
2025-03-03,Cologne,Email,0.0,10524,534,47
2025-03-03,Cologne,Organic,0.0,16847,573,24
2025-03-03,Cologne,Affiliate,4767.35,155318,5037,317
2025-03-10,Cologne,Google Ads,12057.96,407268,9470,473
2025-03-10,Cologne,Meta,8390.26,278173,7919,286
2025-03-10,Cologne,Email,0.0,12378,377,31
2025-03-10,Cologne,Organic,0.0,26320,547,39
2025-03-10,Cologne,Affiliate,5166.41,185151,3499,225
2025-03-17,Cologne,Google Ads,12196.63,407017,13139,625
2025-03-17,Cologne,Meta,8608.09,287703,9940,597
2025-03-17,Cologne,Email,0.0,13724,558,52
2025-03-17,Cologne,Organic,0.0,35689,1158,58
2025-03-17,Cologne,Affiliate,5074.13,165854,4753,279
2025-03-24,Cologne,Google Ads,11456.04,366071,8940,277
2025-03-24,Cologne,Meta,8177.52,262659,6082,307
2025-03-24,Cologne,Email,0.0,8667,447,30
2025-03-24,Cologne,Organic,0.0,27487,580,25
2025-03-24,Cologne,Affiliate,4574.04,141979,3166,171
2025-03-31,Cologne,Google Ads,11928.13,467495,12907,563
2025-03-31,Cologne,Meta,8836.84,290633,5650,385
2025-03-31,Cologne,Email,0.0,8166,263,21
2025-03-31,Cologne,Organic,0.0,18208,544,25
2025-03-31,Cologne,Affiliate,3498.78,121216,3324,175
2025-04-07,Cologne,Google Ads,10799.44,340609,11325,513
2025-04-07,Cologne,Meta,8428.65,326810,10570,714
2025-04-07,Cologne,Email,0.0,19823,1083,94
2025-04-07,Cologne,Organic,0.0,22923,484,32
2025-04-07,Cologne,Affiliate,5383.39,153918,4638,217
2025-04-14,Cologne,Google Ads,11945.98,365460,9544,666
2025-04-14,Cologne,Meta,9072.88,291107,4932,262
2025-04-14,Cologne,Email,0.0,9569,517,37
2025-04-14,Cologne,Organic,0.0,36277,1068,69
2025-04-14,Cologne,Affiliate,4481.62,127497,2753,107
2025-04-21,Cologne,Google Ads,11180.02,432728,10478,408
2025-04-21,Cologne,Meta,8195.24,315509,6680,378
2025-04-21,Cologne,Email,0.0,8782,459,42
2025-04-21,Cologne,Organic,0.0,32866,1270,87
2025-04-21,Cologne,Affiliate,4508.0,132573,2938,91
2025-04-28,Cologne,Google Ads,12240.98,346495,8146,377
2025-04-28,Cologne,Meta,9399.77,271350,8097,289
2025-04-28,Cologne,Email,0.0,11420,408,20
2025-04-28,Cologne,Organic,0.0,30627,1049,70
2025-04-28,Cologne,Affiliate,4315.33,132468,3129,165
2025-05-05,Cologne,Google Ads,11587.96,417776,14318,778
2025-05-05,Cologne,Meta,8127.16,249219,5456,352
2025-05-05,Cologne,Email,0.0,15220,873,85
2025-05-05,Cologne,Organic,0.0,16713,632,25
2025-05-05,Cologne,Affiliate,4699.59,182768,4181,183
2025-05-12,Cologne,Google Ads,11348.51,405581,12718,382
2025-05-12,Cologne,Meta,8623.2,285916,4756,175
2025-05-12,Cologne,Email,0.0,14176,688,58
2025-05-12,Cologne,Organic,0.0,27100,930,65
2025-05-12,Cologne,Affiliate,4935.94,191745,3083,196
2025-05-19,Cologne,Google Ads,11119.81,377336,7148,328
2025-05-19,Cologne,Meta,8284.48,319137,7333,412
2025-05-19,Cologne,Email,0.0,17286,703,54
2025-05-19,Cologne,Organic,0.0,38159,804,51
2025-05-19,Cologne,Affiliate,4432.73,131682,3623,161
2025-05-26,Cologne,Google Ads,10745.21,368648,12838,792
2025-05-26,Cologne,Meta,7761.25,271017,4266,195
2025-05-26,Cologne,Email,0.0,10292,392,19
2025-05-26,Cologne,Organic,0.0,35780,821,37
2025-05-26,Cologne,Affiliate,5175.04,153488,5132,352
2025-06-02,Cologne,Google Ads,10798.53,335868,10771,588
2025-06-02,Cologne,Meta,8468.87,276577,7912,375
2025-06-02,Cologne,Email,0.0,19581,980,53
2025-06-02,Cologne,Organic,0.0,36011,1437,83
2025-06-02,Cologne,Affiliate,4610.3,147406,3388,148
2025-06-09,Cologne,Google Ads,12144.01,393743,10637,343
2025-06-09,Cologne,Meta,9202.08,339724,7491,313
2025-06-09,Cologne,Email,0.0,11428,654,61
2025-06-09,Cologne,Organic,0.0,20528,753,32
2025-06-09,Cologne,Affiliate,4697.26,180752,4073,132
2025-06-16,Cologne,Google Ads,12107.78,347506,8008,417
2025-06-16,Cologne,Meta,8533.17,306545,6438,295
2025-06-16,Cologne,Email,0.0,11388,389,25
2025-06-16,Cologne,Organic,0.0,23928,905,52
2025-06-16,Cologne,Affiliate,4669.76,140998,2864,133
2025-06-23,Cologne,Google Ads,11001.8,419078,10978,712
2025-06-23,Cologne,Meta,8303.78,261167,6541,419
2025-06-23,Cologne,Email,0.0,8996,346,22
2025-06-23,Cologne,Organic,0.0,21494,702,51
2025-06-23,Cologne,Affiliate,4168.64,147276,2440,124
2025-06-30,Cologne,Google Ads,12282.33,377560,9569,332
2025-06-30,Cologne,Meta,8360.01,290761,9235,381
2025-06-30,Cologne,Email,0.0,8675,417,35
2025-06-30,Cologne,Organic,0.0,38442,957,62
2025-06-30,Cologne,Affiliate,4251.54,148997,3220,210
2025-07-07,Cologne,Google Ads,10801.37,407410,13510,742
2025-07-07,Cologne,Meta,8939.35,319775,5121,294
2025-07-07,Cologne,Email,0.0,14598,706,45
2025-07-07,Cologne,Organic,0.0,38746,986,56
2025-07-07,Cologne,Affiliate,3987.0,137679,3489,219
2025-07-14,Cologne,Google Ads,10081.74,323548,9132,603
2025-07-14,Cologne,Meta,8825.54,340872,9692,619
2025-07-14,Cologne,Email,0.0,19171,1000,98
2025-07-14,Cologne,Organic,0.0,26752,1056,43
2025-07-14,Cologne,Affiliate,4408.11,140338,2283,158
2025-07-21,Cologne,Google Ads,10102.63,403754,7691,252
2025-07-21,Cologne,Meta,9426.94,317109,10851,528
2025-07-21,Cologne,Email,0.0,18624,1077,86
2025-07-21,Cologne,Organic,0.0,18222,551,40
2025-07-21,Cologne,Affiliate,4569.91,133437,3146,164
2025-07-28,Cologne,Google Ads,10969.76,372173,10978,731
2025-07-28,Cologne,Meta,8088.96,285369,4334,205
2025-07-28,Cologne,Email,0.0,18859,1119,92
2025-07-28,Cologne,Organic,0.0,19238,679,29
2025-07-28,Cologne,Affiliate,5073.3,165339,5080,327
2025-08-04,Cologne,Google Ads,10984.6,375348,6545,356
2025-08-04,Cologne,Meta,9314.64,331467,11264,569
2025-08-04,Cologne,Email,0.0,16675,505,27
2025-08-04,Cologne,Organic,0.0,15166,331,23
2025-08-04,Cologne,Affiliate,4583.07,132201,3984,149
2025-08-11,Cologne,Google Ads,10392.96,321277,10750,423
2025-08-11,Cologne,Meta,8062.02,244329,8252,402
2025-08-11,Cologne,Email,0.0,19973,1012,52
2025-08-11,Cologne,Organic,0.0,32519,916,65
2025-08-11,Cologne,Affiliate,4449.6,142732,3338,211
2025-08-18,Cologne,Google Ads,11575.75,420101,13126,881
2025-08-18,Cologne,Meta,8410.5,246985,5929,253
2025-08-18,Cologne,Email,0.0,8981,318,22
2025-08-18,Cologne,Organic,0.0,29286,588,26
2025-08-18,Cologne,Affiliate,4576.65,137913,3292,99
2025-08-25,Cologne,Google Ads,11082.73,339259,6150,358
2025-08-25,Cologne,Meta,8398.59,322576,5351,161
2025-08-25,Cologne,Email,0.0,11923,409,27
2025-08-25,Cologne,Organic,0.0,27983,713,40
2025-08-25,Cologne,Affiliate,4023.71,117847,2352,105
2025-09-01,Cologne,Google Ads,11891.75,394357,6125,389
2025-09-01,Cologne,Meta,8878.97,316904,10005,617
2025-09-01,Cologne,Email,0.0,8183,272,18
2025-09-01,Cologne,Organic,0.0,35142,1340,62
2025-09-01,Cologne,Affiliate,4617.51,170747,5972,404
2025-09-08,Cologne,Google Ads,11637.84,403763,13340,917
2025-09-08,Cologne,Meta,8134.0,242463,7487,347
2025-09-08,Cologne,Email,0.0,11744,496,49
2025-09-08,Cologne,Organic,0.0,38374,1310,95
2025-09-08,Cologne,Affiliate,4519.88,141642,4753,168
2025-09-15,Cologne,Google Ads,10855.96,386171,12982,877
2025-09-15,Cologne,Meta,8458.09,315266,6350,206
2025-09-15,Cologne,Email,0.0,8236,372,26
2025-09-15,Cologne,Organic,0.0,38783,1264,58
2025-09-15,Cologne,Affiliate,5105.12,143011,2711,137
2025-09-22,Cologne,Google Ads,10681.25,308948,5850,323
2025-09-22,Cologne,Meta,8270.19,281473,5125,194
2025-09-22,Cologne,Email,0.0,13139,679,43
2025-09-22,Cologne,Organic,0.0,22265,693,38
2025-09-22,Cologne,Affiliate,4686.69,169733,3454,155
2025-09-29,Cologne,Google Ads,10919.45,329510,6472,323
2025-09-29,Cologne,Meta,8771.28,336432,11670,448
2025-09-29,Cologne,Email,0.0,16251,716,67
2025-09-29,Cologne,Organic,0.0,30666,744,53
2025-09-29,Cologne,Affiliate,5020.76,147883,4015,232
2025-10-06,Cologne,Google Ads,11262.45,376418,8985,472
2025-10-06,Cologne,Meta,8423.44,308639,5821,274
2025-10-06,Cologne,Email,0.0,16942,907,51
2025-10-06,Cologne,Organic,0.0,32954,732,47
2025-10-06,Cologne,Affiliate,4727.43,178641,4644,181
2025-10-13,Cologne,Google Ads,10714.1,419397,8129,453
2025-10-13,Cologne,Meta,9130.35,256900,6348,385
2025-10-13,Cologne,Email,0.0,17067,606,43
2025-10-13,Cologne,Organic,0.0,23564,631,34
2025-10-13,Cologne,Affiliate,4732.1,189064,5160,240
2025-10-20,Cologne,Google Ads,10650.44,330398,5033,186
2025-10-20,Cologne,Meta,8813.84,291595,7968,312
2025-10-20,Cologne,Email,0.0,9113,471,33
2025-10-20,Cologne,Organic,0.0,18638,670,32
2025-10-20,Cologne,Affiliate,4544.71,165022,4299,147
2025-10-27,Cologne,Google Ads,11381.73,353103,8567,392
2025-10-27,Cologne,Meta,8317.66,298486,5129,347
2025-10-27,Cologne,Email,0.0,13387,580,45
2025-10-27,Cologne,Organic,0.0,27648,658,36
2025-10-27,Cologne,Affiliate,4365.43,145803,5055,294
2025-11-03,Cologne,Google Ads,11601.95,400566,11962,547
2025-11-03,Cologne,Meta,9209.92,330067,9458,643
2025-11-03,Cologne,Email,0.0,19581,850,82
2025-11-03,Cologne,Organic,0.0,19940,790,33
2025-11-03,Cologne,Affiliate,3885.66,125004,4238,136
2025-11-10,Cologne,Google Ads,10662.52,357233,10709,564
2025-11-10,Cologne,Meta,8183.09,276569,4672,276
2025-11-10,Cologne,Email,0.0,17768,1033,98
2025-11-10,Cologne,Organic,0.0,23726,927,61
2025-11-10,Cologne,Affiliate,3590.4,127585,3525,124
2025-11-17,Cologne,Google Ads,11763.62,464398,11341,468
2025-11-17,Cologne,Meta,8909.87,317450,8904,321
2025-11-17,Cologne,Email,0.0,17431,613,44
2025-11-17,Cologne,Organic,0.0,33727,1287,74
2025-11-17,Cologne,Affiliate,3999.51,125633,4197,197
2025-11-24,Cologne,Google Ads,10256.08,328990,10107,630
2025-11-24,Cologne,Meta,8768.08,276555,7203,289
2025-11-24,Cologne,Email,0.0,16994,739,49
2025-11-24,Cologne,Organic,0.0,33910,751,57
2025-11-24,Cologne,Affiliate,4435.35,151577,4326,140
2025-12-01,Cologne,Google Ads,11363.78,402952,7986,396
2025-12-01,Cologne,Meta,7899.69,246405,5452,200
2025-12-01,Cologne,Email,0.0,10811,500,30
2025-12-01,Cologne,Organic,0.0,38483,786,33
2025-12-01,Cologne,Affiliate,4481.85,171931,3943,132
2025-12-08,Cologne,Google Ads,11387.73,379869,8910,518
2025-12-08,Cologne,Meta,9655.19,281789,6431,256
2025-12-08,Cologne,Email,0.0,8914,462,31
2025-12-08,Cologne,Organic,0.0,27537,962,66
2025-12-08,Cologne,Affiliate,4423.78,137814,2730,158
2025-12-15,Cologne,Google Ads,11553.81,457929,15168,726
2025-12-15,Cologne,Meta,8338.11,242100,5010,279
2025-12-15,Cologne,Email,0.0,9224,298,15
2025-12-15,Cologne,Organic,0.0,39105,1512,120
2025-12-15,Cologne,Affiliate,4443.8,124567,3099,148
2025-12-22,Cologne,Google Ads,10933.86,359344,10802,466
2025-12-22,Cologne,Meta,8813.37,342495,11318,564
2025-12-22,Cologne,Email,0.0,13383,744,45
2025-12-22,Cologne,Organic,0.0,23797,668,50
2025-12-22,Cologne,Affiliate,4471.06,132277,2514,170
2024-01-01,Frankfurt,Google Ads,10227.97,305928,5961,349
2024-01-01,Frankfurt,Meta,7877.87,234757,6322,274
2024-01-01,Frankfurt,Email,0.0,12154,592,54
2024-01-01,Frankfurt,Organic,0.0,25895,545,39
2024-01-01,Frankfurt,Affiliate,3655.77,141477,3977,252
2024-01-08,Frankfurt,Google Ads,13501.92,492591,10816,443
2024-01-08,Frankfurt,Meta,7465.98,226446,4498,280
2024-01-08,Frankfurt,Email,0.0,18699,1026,65
2024-01-08,Frankfurt,Organic,0.0,27660,826,43
2024-01-08,Frankfurt,Affiliate,3340.91,112143,2064,120
2024-01-15,Frankfurt,Google Ads,12792.94,429964,14116,725
2024-01-15,Frankfurt,Meta,7483.36,274567,8292,410
2024-01-15,Frankfurt,Email,0.0,8082,344,22
2024-01-15,Frankfurt,Organic,0.0,25104,894,70
2024-01-15,Frankfurt,Affiliate,3757.47,126918,1941,96
2024-01-22,Frankfurt,Google Ads,13177.91,428339,14434,909
2024-01-22,Frankfurt,Meta,6557.7,254703,5726,256
2024-01-22,Frankfurt,Email,0.0,19663,1026,94
2024-01-22,Frankfurt,Organic,0.0,33416,1178,73
2024-01-22,Frankfurt,Affiliate,3576.03,102466,2473,150
2024-01-29,Frankfurt,Google Ads,14258.81,510096,15308,916
2024-01-29,Frankfurt,Meta,7356.56,229255,7058,420
2024-01-29,Frankfurt,Email,0.0,9540,553,50
2024-01-29,Frankfurt,Organic,0.0,31660,1241,66
2024-01-29,Frankfurt,Affiliate,3535.84,115034,3117,208
2024-02-05,Frankfurt,Google Ads,11243.25,333115,5258,261
2024-02-05,Frankfurt,Meta,8350.14,241036,8156,445
2024-02-05,Frankfurt,Email,0.0,13883,477,41
2024-02-05,Frankfurt,Organic,0.0,27146,972,59
2024-02-05,Frankfurt,Affiliate,3902.34,127294,3193,211
2024-02-12,Frankfurt,Google Ads,12772.74,416858,7066,391
2024-02-12,Frankfurt,Meta,7578.5,246452,5121,301
2024-02-12,Frankfurt,Email,0.0,15052,836,52
2024-02-12,Frankfurt,Organic,0.0,34987,1146,81
2024-02-12,Frankfurt,Affiliate,3089.19,96470,3083,104
2024-02-19,Frankfurt,Google Ads,11283.26,355634,11879,424
2024-02-19,Frankfurt,Meta,7738.12,267284,4279,274
2024-02-19,Frankfurt,Email,0.0,17977,765,62
2024-02-19,Frankfurt,Organic,0.0,20186,521,29
2024-02-19,Frankfurt,Affiliate,3478.74,109726,2080,64
2024-02-26,Frankfurt,Google Ads,13060.07,495390,7650,245
2024-02-26,Frankfurt,Meta,7447.03,212761,5761,246
2024-02-26,Frankfurt,Email,0.0,18998,1031,73
2024-02-26,Frankfurt,Organic,0.0,28999,1148,86
2024-02-26,Frankfurt,Affiliate,3488.15,134333,2559,113
2024-03-04,Frankfurt,Google Ads,11385.1,434943,12912,538
2024-03-04,Frankfurt,Meta,7227.26,264738,8397,255
2024-03-04,Frankfurt,Email,0.0,10371,320,19
2024-03-04,Frankfurt,Organic,0.0,22568,499,20
2024-03-04,Frankfurt,Affiliate,3512.84,137484,3665,147
2024-03-11,Frankfurt,Google Ads,12633.84,401681,10315,310
2024-03-11,Frankfurt,Meta,7267.43,203818,5155,202
2024-03-11,Frankfurt,Email,0.0,19406,847,82
2024-03-11,Frankfurt,Organic,0.0,33586,1229,56
2024-03-11,Frankfurt,Affiliate,3999.73,144408,3129,134
2024-03-18,Frankfurt,Google Ads,12749.41,366699,7880,547
2024-03-18,Frankfurt,Meta,7721.0,254240,4571,168
2024-03-18,Frankfurt,Email,0.0,13217,455,42
2024-03-18,Frankfurt,Organic,0.0,36858,1468,72
2024-03-18,Frankfurt,Affiliate,4063.52,123567,2529,163
2024-03-25,Frankfurt,Google Ads,13226.12,400387,9335,294
2024-03-25,Frankfurt,Meta,6769.24,237969,8284,390
2024-03-25,Frankfurt,Email,0.0,17343,779,43
2024-03-25,Frankfurt,Organic,0.0,18159,586,38
2024-03-25,Frankfurt,Affiliate,3813.17,150010,2318,129
2024-04-01,Frankfurt,Google Ads,11963.91,467246,8108,494
2024-04-01,Frankfurt,Meta,8431.12,271308,4483,299
2024-04-01,Frankfurt,Email,0.0,12197,493,46
2024-04-01,Frankfurt,Organic,0.0,39972,1073,75
2024-04-01,Frankfurt,Affiliate,3694.32,136088,4240,195
2024-04-08,Frankfurt,Google Ads,13359.15,454582,6887,258
2024-04-08,Frankfurt,Meta,6704.77,219655,3726,119
2024-04-08,Frankfurt,Email,0.0,9463,412,28
2024-04-08,Frankfurt,Organic,0.0,38041,1512,113
2024-04-08,Frankfurt,Affiliate,3453.04,119611,3118,102
2024-04-15,Frankfurt,Google Ads,12746.43,388528,8199,509
2024-04-15,Frankfurt,Meta,7750.31,276721,7153,320
2024-04-15,Frankfurt,Email,0.0,19064,862,55
2024-04-15,Frankfurt,Organic,0.0,21425,615,48
2024-04-15,Frankfurt,Affiliate,3745.31,132584,3670,240
2024-04-22,Frankfurt,Google Ads,11416.91,453566,9372,301
2024-04-22,Frankfurt,Meta,7471.48,233471,6232,276
2024-04-22,Frankfurt,Email,0.0,11059,616,60
2024-04-22,Frankfurt,Organic,0.0,19917,719,45
2024-04-22,Frankfurt,Affiliate,3526.59,130841,2785,89
2024-04-29,Frankfurt,Google Ads,12615.33,427883,12409,846
2024-04-29,Frankfurt,Meta,7970.55,297595,4544,200
2024-04-29,Frankfurt,Email,0.0,15431,546,35
2024-04-29,Frankfurt,Organic,0.0,35451,1117,85
2024-04-29,Frankfurt,Affiliate,3022.62,109762,3746,178
2024-05-06,Frankfurt,Google Ads,13860.03,394919,7052,440
2024-05-06,Frankfurt,Meta,7678.69,263736,5391,243
2024-05-06,Frankfurt,Email,0.0,11043,522,35
2024-05-06,Frankfurt,Organic,0.0,25114,913,52
2024-05-06,Frankfurt,Affiliate,3745.22,108273,3375,221
2024-05-13,Frankfurt,Google Ads,13401.66,520441,10002,413
2024-05-13,Frankfurt,Meta,7533.37,281591,6591,289
2024-05-13,Frankfurt,Email,0.0,19417,1093,105
2024-05-13,Frankfurt,Organic,0.0,30008,678,45
2024-05-13,Frankfurt,Affiliate,3687.58,104915,2791,115
2024-05-20,Frankfurt,Google Ads,13263.51,449048,13770,642
2024-05-20,Frankfurt,Meta,7570.35,233231,3704,240
2024-05-20,Frankfurt,Email,0.0,9898,341,32
2024-05-20,Frankfurt,Organic,0.0,29550,1084,76
2024-05-20,Frankfurt,Affiliate,4040.74,129679,2328,146
2024-05-27,Frankfurt,Google Ads,13253.94,476887,7427,488
2024-05-27,Frankfurt,Meta,7626.21,264534,8682,553
2024-05-27,Frankfurt,Email,0.0,8894,476,44
2024-05-27,Frankfurt,Organic,0.0,16512,497,24
2024-05-27,Frankfurt,Affiliate,3447.23,123610,3152,203
2024-06-03,Frankfurt,Google Ads,14288.61,491959,10336,448
2024-06-03,Frankfurt,Meta,8122.36,303892,6062,412
2024-06-03,Frankfurt,Email,0.0,14437,492,26
2024-06-03,Frankfurt,Organic,0.0,22799,821,58
2024-06-03,Frankfurt,Affiliate,3868.25,144746,3751,250
2024-06-10,Frankfurt,Google Ads,12586.97,479503,9334,456
2024-06-10,Frankfurt,Meta,8116.26,253496,6001,262
2024-06-10,Frankfurt,Email,0.0,18458,596,59
2024-06-10,Frankfurt,Organic,0.0,29953,903,38
2024-06-10,Frankfurt,Affiliate,3763.9,108973,3008,176
2024-06-17,Frankfurt,Google Ads,13554.15,397708,12422,600
2024-06-17,Frankfurt,Meta,6915.63,198449,3330,126
2024-06-17,Frankfurt,Email,0.0,11613,684,46
2024-06-17,Frankfurt,Organic,0.0,22780,869,62
2024-06-17,Frankfurt,Affiliate,4113.68,157962,4275,167
2024-06-24,Frankfurt,Google Ads,14199.7,549058,9943,523
2024-06-24,Frankfurt,Meta,7813.14,279841,8461,371
2024-06-24,Frankfurt,Email,0.0,13691,721,42
2024-06-24,Frankfurt,Organic,0.0,35694,990,66
2024-06-24,Frankfurt,Affiliate,3673.91,132133,3292,121
2024-07-01,Frankfurt,Google Ads,11696.81,453831,14608,846
2024-07-01,Frankfurt,Meta,7393.06,270877,7967,326
2024-07-01,Frankfurt,Email,0.0,15391,836,42
2024-07-01,Frankfurt,Organic,0.0,19001,557,33
2024-07-01,Frankfurt,Affiliate,3730.67,133674,2758,109
2024-07-08,Frankfurt,Google Ads,12271.87,369222,9953,527
2024-07-08,Frankfurt,Meta,8160.38,258042,8833,406
2024-07-08,Frankfurt,Email,0.0,17983,987,67
2024-07-08,Frankfurt,Organic,0.0,30151,895,52
2024-07-08,Frankfurt,Affiliate,3205.85,117174,3179,146
2024-07-15,Frankfurt,Google Ads,12758.83,482828,9619,360
2024-07-15,Frankfurt,Meta,7597.34,272672,5967,400
2024-07-15,Frankfurt,Email,0.0,10960,340,23
2024-07-15,Frankfurt,Organic,0.0,24757,592,35
2024-07-15,Frankfurt,Affiliate,3110.76,95702,2716,120
2024-07-22,Frankfurt,Google Ads,13243.18,525818,14695,1026
2024-07-22,Frankfurt,Meta,7368.48,264790,6990,419
2024-07-22,Frankfurt,Email,0.0,8949,363,28
2024-07-22,Frankfurt,Organic,0.0,35042,1322,86
2024-07-22,Frankfurt,Affiliate,3633.36,117960,3206,115
2024-07-29,Frankfurt,Google Ads,12845.55,456198,8801,343
2024-07-29,Frankfurt,Meta,7895.36,277628,7058,344
2024-07-29,Frankfurt,Email,0.0,8843,519,38
2024-07-29,Frankfurt,Organic,0.0,30904,866,48
2024-07-29,Frankfurt,Affiliate,3642.16,144923,3115,158
2024-08-05,Frankfurt,Google Ads,12872.77,418181,10886,512
2024-08-05,Frankfurt,Meta,7531.17,284991,7449,232
2024-08-05,Frankfurt,Email,0.0,14782,827,57
2024-08-05,Frankfurt,Organic,0.0,31175,911,68
2024-08-05,Frankfurt,Affiliate,3467.55,109796,3767,191
2024-08-12,Frankfurt,Google Ads,12899.08,422047,10797,658
2024-08-12,Frankfurt,Meta,7387.73,239435,7854,389
2024-08-12,Frankfurt,Email,0.0,16957,650,59
2024-08-12,Frankfurt,Organic,0.0,20140,727,54
2024-08-12,Frankfurt,Affiliate,3855.61,143485,3708,111
2024-08-19,Frankfurt,Google Ads,13219.47,430114,7345,326
2024-08-19,Frankfurt,Meta,8294.06,294446,5356,305
2024-08-19,Frankfurt,Email,0.0,8450,330,26
2024-08-19,Frankfurt,Organic,0.0,20565,507,40
2024-08-19,Frankfurt,Affiliate,3510.33,106465,2286,140
2024-08-26,Frankfurt,Google Ads,12823.97,459750,14886,1005
2024-08-26,Frankfurt,Meta,7700.52,299438,7143,328
2024-08-26,Frankfurt,Email,0.0,16722,683,46
2024-08-26,Frankfurt,Organic,0.0,23501,827,38
2024-08-26,Frankfurt,Affiliate,3316.87,121107,3242,177
2024-09-02,Frankfurt,Google Ads,13656.16,445538,14511,573
2024-09-02,Frankfurt,Meta,7952.79,288702,8369,350
2024-09-02,Frankfurt,Email,0.0,18685,861,76
2024-09-02,Frankfurt,Organic,0.0,37337,1312,60
2024-09-02,Frankfurt,Affiliate,3556.77,132162,2029,77
2024-09-09,Frankfurt,Google Ads,12660.4,481319,9270,417
2024-09-09,Frankfurt,Meta,7495.39,234165,7946,292
2024-09-09,Frankfurt,Email,0.0,19282,1032,88
2024-09-09,Frankfurt,Organic,0.0,19601,482,34
2024-09-09,Frankfurt,Affiliate,3628.61,129067,2227,77
2024-09-16,Frankfurt,Google Ads,12840.1,471360,16258,496
2024-09-16,Frankfurt,Meta,7468.61,280058,6083,209
2024-09-16,Frankfurt,Email,0.0,18561,733,40
2024-09-16,Frankfurt,Organic,0.0,24798,763,55
2024-09-16,Frankfurt,Affiliate,3343.27,94920,1981,61
2024-09-23,Frankfurt,Google Ads,12151.81,475254,12701,503
2024-09-23,Frankfurt,Meta,7722.15,265430,7892,373
2024-09-23,Frankfurt,Email,0.0,19417,865,46
2024-09-23,Frankfurt,Organic,0.0,17492,673,46
2024-09-23,Frankfurt,Affiliate,3414.3,95746,3327,211
2024-09-30,Frankfurt,Google Ads,13571.55,433787,8614,540
2024-09-30,Frankfurt,Meta,8253.62,316093,7598,344
2024-09-30,Frankfurt,Email,0.0,11563,380,19
2024-09-30,Frankfurt,Organic,0.0,38534,889,63
2024-09-30,Frankfurt,Affiliate,3992.56,133224,4163,160
2024-10-07,Frankfurt,Google Ads,13238.23,459167,10955,346
2024-10-07,Frankfurt,Meta,7659.59,269403,8707,466
2024-10-07,Frankfurt,Email,0.0,18858,595,32
2024-10-07,Frankfurt,Organic,0.0,35804,840,55
2024-10-07,Frankfurt,Affiliate,3700.13,139677,2200,67
2024-10-14,Frankfurt,Google Ads,12594.5,497608,13274,786
2024-10-14,Frankfurt,Meta,8251.43,289888,7339,508
2024-10-14,Frankfurt,Email,0.0,10697,534,28
2024-10-14,Frankfurt,Organic,0.0,27547,649,47
2024-10-14,Frankfurt,Affiliate,3618.9,143315,3866,122
2024-10-21,Frankfurt,Google Ads,12831.85,472300,9649,464
2024-10-21,Frankfurt,Meta,7480.14,267582,7341,283
2024-10-21,Frankfurt,Email,0.0,13129,738,58
2024-10-21,Frankfurt,Organic,0.0,27957,775,31
2024-10-21,Frankfurt,Affiliate,3681.14,142935,4801,204
2024-10-28,Frankfurt,Google Ads,12743.52,501482,13016,625
2024-10-28,Frankfurt,Meta,7506.49,224338,6649,449
2024-10-28,Frankfurt,Email,0.0,17836,850,73
2024-10-28,Frankfurt,Organic,0.0,25009,987,70
2024-10-28,Frankfurt,Affiliate,3935.21,149506,4383,297
2024-11-04,Frankfurt,Google Ads,12995.94,507789,16573,1139
2024-11-04,Frankfurt,Meta,7717.51,237263,8265,517
2024-11-04,Frankfurt,Email,0.0,11949,365,30
2024-11-04,Frankfurt,Organic,0.0,22142,703,51
2024-11-04,Frankfurt,Affiliate,3879.44,126520,2231,139
2024-11-11,Frankfurt,Google Ads,12724.03,369987,12914,404
2024-11-11,Frankfurt,Meta,7285.12,213436,5708,330
2024-11-11,Frankfurt,Email,0.0,13368,507,30
2024-11-11,Frankfurt,Organic,0.0,36062,1114,74
2024-11-11,Frankfurt,Affiliate,4022.8,149139,2373,76
2024-11-18,Frankfurt,Google Ads,13025.81,510792,14562,869
2024-11-18,Frankfurt,Meta,8190.64,305810,5733,257
2024-11-18,Frankfurt,Email,0.0,14320,655,55
2024-11-18,Frankfurt,Organic,0.0,37805,1103,69
2024-11-18,Frankfurt,Affiliate,3711.48,129479,2510,80
2024-11-25,Frankfurt,Google Ads,13501.26,390380,6431,210
2024-11-25,Frankfurt,Meta,8076.27,308749,8233,401
2024-11-25,Frankfurt,Email,0.0,15049,550,47
2024-11-25,Frankfurt,Organic,0.0,35041,1209,63
2024-11-25,Frankfurt,Affiliate,3506.79,102768,3070,110
2024-12-02,Frankfurt,Google Ads,13012.86,494658,8215,561
2024-12-02,Frankfurt,Meta,7515.64,230051,5610,364
2024-12-02,Frankfurt,Email,0.0,19972,708,64
2024-12-02,Frankfurt,Organic,0.0,25803,707,49
2024-12-02,Frankfurt,Affiliate,3849.99,119988,2732,140
2024-12-09,Frankfurt,Google Ads,12845.97,435163,7848,393
2024-12-09,Frankfurt,Meta,8028.51,238327,5102,297
2024-12-09,Frankfurt,Email,0.0,12176,422,29
2024-12-09,Frankfurt,Organic,0.0,33279,836,41
2024-12-09,Frankfurt,Affiliate,3094.53,109387,2594,125
2024-12-16,Frankfurt,Google Ads,13911.24,548379,8438,434
2024-12-16,Frankfurt,Meta,8169.49,263815,5039,252
2024-12-16,Frankfurt,Email,0.0,14779,496,47
2024-12-16,Frankfurt,Organic,0.0,31423,1219,63
2024-12-16,Frankfurt,Affiliate,3860.16,117038,2131,125
2024-12-23,Frankfurt,Google Ads,12481.84,478463,15250,672
2024-12-23,Frankfurt,Meta,7162.18,252935,5941,395
2024-12-23,Frankfurt,Email,0.0,16246,626,49
2024-12-23,Frankfurt,Organic,0.0,26239,619,32
2024-12-23,Frankfurt,Affiliate,3895.14,137723,4413,199
2024-12-30,Frankfurt,Google Ads,12779.43,460410,13046,885
2024-12-30,Frankfurt,Meta,7638.08,299860,5072,343
2024-12-30,Frankfurt,Email,0.0,11746,439,28
2024-12-30,Frankfurt,Organic,0.0,37466,1344,74
2024-12-30,Frankfurt,Affiliate,3182.76,96087,2426,150
2025-01-06,Frankfurt,Google Ads,12387.31,407708,11197,474
2025-01-06,Frankfurt,Meta,7641.78,296762,6563,451
2025-01-06,Frankfurt,Email,0.0,19877,891,46
2025-01-06,Frankfurt,Organic,0.0,30589,1056,47
2025-01-06,Frankfurt,Affiliate,3349.72,118914,3443,154
2025-01-13,Frankfurt,Google Ads,12463.47,397892,6987,349
2025-01-13,Frankfurt,Meta,7135.43,256049,6694,426
2025-01-13,Frankfurt,Email,0.0,8251,486,24
2025-01-13,Frankfurt,Organic,0.0,39073,807,32
2025-01-13,Frankfurt,Affiliate,4024.21,139803,3019,164
2025-01-20,Frankfurt,Google Ads,13117.35,370729,12459,844
2025-01-20,Frankfurt,Meta,7696.95,237112,5949,183
2025-01-20,Frankfurt,Email,0.0,16397,517,39
2025-01-20,Frankfurt,Organic,0.0,25566,795,55
2025-01-20,Frankfurt,Affiliate,3596.82,137961,4305,252
2025-01-27,Frankfurt,Google Ads,11876.89,388480,8081,438
2025-01-27,Frankfurt,Meta,7846.97,306455,9458,476
2025-01-27,Frankfurt,Email,0.0,12731,675,47
2025-01-27,Frankfurt,Organic,0.0,37916,1027,62
2025-01-27,Frankfurt,Affiliate,3513.41,119714,2715,97
2025-02-03,Frankfurt,Google Ads,12540.14,415092,12577,806
2025-02-03,Frankfurt,Meta,7731.7,253446,8412,548
2025-02-03,Frankfurt,Email,0.0,16078,683,58
2025-02-03,Frankfurt,Organic,0.0,17688,417,21
2025-02-03,Frankfurt,Affiliate,3627.56,118052,2970,173
2025-02-10,Frankfurt,Google Ads,14129.38,521888,14446,648
2025-02-10,Frankfurt,Meta,7823.65,225980,6779,247
2025-02-10,Frankfurt,Email,0.0,11635,511,28
2025-02-10,Frankfurt,Organic,0.0,37369,949,38
2025-02-10,Frankfurt,Affiliate,3899.76,131170,3206,110
2025-02-17,Frankfurt,Google Ads,13290.03,385377,10283,320
2025-02-17,Frankfurt,Meta,7733.33,261633,8634,540
2025-02-17,Frankfurt,Email,0.0,17816,617,31
2025-02-17,Frankfurt,Organic,0.0,35433,1223,72
2025-02-17,Frankfurt,Affiliate,3075.36,118544,3437,150
2025-02-24,Frankfurt,Google Ads,12621.18,428252,6981,290
2025-02-24,Frankfurt,Meta,7596.7,253714,7187,221
2025-02-24,Frankfurt,Email,0.0,14382,445,40
2025-02-24,Frankfurt,Organic,0.0,15723,471,33
2025-02-24,Frankfurt,Affiliate,3221.08,106669,3707,204
2025-03-03,Frankfurt,Google Ads,12795.13,477745,9106,559
2025-03-03,Frankfurt,Meta,7500.75,293566,5629,254
2025-03-03,Frankfurt,Email,0.0,16041,733,62
2025-03-03,Frankfurt,Organic,0.0,28132,730,38
2025-03-03,Frankfurt,Affiliate,3574.83,139611,2725,91
2025-03-10,Frankfurt,Google Ads,12833.77,372924,12822,633
2025-03-10,Frankfurt,Meta,7651.93,260245,5995,352
2025-03-10,Frankfurt,Email,0.0,8520,437,34
2025-03-10,Frankfurt,Organic,0.0,24449,772,47
2025-03-10,Frankfurt,Affiliate,3272.32,96342,3215,111
2025-03-17,Frankfurt,Google Ads,12593.65,361815,10489,317
2025-03-17,Frankfurt,Meta,7899.15,251556,8236,362
2025-03-17,Frankfurt,Email,0.0,11303,602,44
2025-03-17,Frankfurt,Organic,0.0,16887,583,46
2025-03-17,Frankfurt,Affiliate,3205.83,113358,3248,135
2025-03-24,Frankfurt,Google Ads,13245.53,386721,12229,823
2025-03-24,Frankfurt,Meta,7364.78,277577,6129,398
2025-03-24,Frankfurt,Email,0.0,13529,563,41
2025-03-24,Frankfurt,Organic,0.0,22304,658,49
2025-03-24,Frankfurt,Affiliate,3508.19,133488,2531,142
2025-03-31,Frankfurt,Google Ads,11956.69,408391,6910,403
2025-03-31,Frankfurt,Meta,8077.29,281549,7388,456
2025-03-31,Frankfurt,Email,0.0,13867,621,55
2025-03-31,Frankfurt,Organic,0.0,34006,1169,72
2025-03-31,Frankfurt,Affiliate,4020.59,130816,2821,146
2025-04-07,Frankfurt,Google Ads,13575.46,447462,11357,573
2025-04-07,Frankfurt,Meta,8388.4,239443,6586,289
2025-04-07,Frankfurt,Email,0.0,14555,610,37
2025-04-07,Frankfurt,Organic,0.0,26163,949,50
2025-04-07,Frankfurt,Affiliate,3514.54,114944,3148,209
2025-04-14,Frankfurt,Google Ads,13020.26,397391,7466,266
2025-04-14,Frankfurt,Meta,6772.54,203685,3732,203
2025-04-14,Frankfurt,Email,0.0,17913,622,37
2025-04-14,Frankfurt,Organic,0.0,24047,588,36
2025-04-14,Frankfurt,Affiliate,3827.11,111767,3376,154
2025-04-21,Frankfurt,Google Ads,12785.51,376875,6387,207
2025-04-21,Frankfurt,Meta,7306.56,281811,6880,345
2025-04-21,Frankfurt,Email,0.0,15889,697,44
2025-04-21,Frankfurt,Organic,0.0,33012,677,41
2025-04-21,Frankfurt,Affiliate,3769.52,116043,3916,200
2025-04-28,Frankfurt,Google Ads,13501.52,467346,13851,631
2025-04-28,Frankfurt,Meta,7027.6,203753,6208,211
2025-04-28,Frankfurt,Email,0.0,16321,945,49
2025-04-28,Frankfurt,Organic,0.0,34967,1045,46
2025-04-28,Frankfurt,Affiliate,3791.82,107597,2760,186
2025-05-05,Frankfurt,Google Ads,13256.23,418799,13519,516
2025-05-05,Frankfurt,Meta,7052.76,231257,6573,284
2025-05-05,Frankfurt,Email,0.0,19787,660,62
2025-05-05,Frankfurt,Organic,0.0,37711,1366,56
2025-05-05,Frankfurt,Affiliate,3057.61,119717,3581,216
2025-05-12,Frankfurt,Google Ads,11959.03,415769,13556,475
2025-05-12,Frankfurt,Meta,7662.91,268309,7767,483
2025-05-12,Frankfurt,Email,0.0,8124,403,24
2025-05-12,Frankfurt,Organic,0.0,35978,1331,82
2025-05-12,Frankfurt,Affiliate,3450.88,127653,4426,136
2025-05-19,Frankfurt,Google Ads,12810.97,441658,11311,666
2025-05-19,Frankfurt,Meta,7524.65,220234,6298,347
2025-05-19,Frankfurt,Email,0.0,9996,422,23
2025-05-19,Frankfurt,Organic,0.0,17167,410,21
2025-05-19,Frankfurt,Affiliate,3531.16,105129,2257,83
2025-05-26,Frankfurt,Google Ads,12754.76,370872,12824,770
2025-05-26,Frankfurt,Meta,7395.89,248551,7739,331
2025-05-26,Frankfurt,Email,0.0,17351,845,66
2025-05-26,Frankfurt,Organic,0.0,16621,587,45
2025-05-26,Frankfurt,Affiliate,3436.88,132377,2244,95
2025-06-02,Frankfurt,Google Ads,13252.27,447140,10706,727
2025-06-02,Frankfurt,Meta,7888.74,241883,4321,275
2025-06-02,Frankfurt,Email,0.0,9872,478,33
2025-06-02,Frankfurt,Organic,0.0,18887,563,43
2025-06-02,Frankfurt,Affiliate,3372.48,117427,2567,147
2025-06-09,Frankfurt,Google Ads,12977.87,404986,11649,495
2025-06-09,Frankfurt,Meta,7509.94,244283,7905,416
2025-06-09,Frankfurt,Email,0.0,15114,692,48
2025-06-09,Frankfurt,Organic,0.0,15621,441,20
2025-06-09,Frankfurt,Affiliate,3359.63,106615,2998,167
2025-06-16,Frankfurt,Google Ads,12365.91,368359,10359,625
2025-06-16,Frankfurt,Meta,6995.42,209727,4715,252
2025-06-16,Frankfurt,Email,0.0,13504,444,39
2025-06-16,Frankfurt,Organic,0.0,16276,607,36
2025-06-16,Frankfurt,Affiliate,3426.16,117488,3394,122
2025-06-23,Frankfurt,Google Ads,13231.91,425640,12652,379
2025-06-23,Frankfurt,Meta,8429.36,262854,4872,303
2025-06-23,Frankfurt,Email,0.0,8849,280,21
2025-06-23,Frankfurt,Organic,0.0,16981,377,28
2025-06-23,Frankfurt,Affiliate,3248.48,112004,3027,195
2025-06-30,Frankfurt,Google Ads,12941.56,371882,12860,488
2025-06-30,Frankfurt,Meta,7746.55,238727,7280,444
2025-06-30,Frankfurt,Email,0.0,11746,492,44
2025-06-30,Frankfurt,Organic,0.0,33588,1141,70
2025-06-30,Frankfurt,Affiliate,3750.65,135067,3883,250
2025-07-07,Frankfurt,Google Ads,12296.82,461160,8782,592
2025-07-07,Frankfurt,Meta,7302.86,209326,3736,206
2025-07-07,Frankfurt,Email,0.0,12290,405,40
2025-07-07,Frankfurt,Organic,0.0,15159,528,33
2025-07-07,Frankfurt,Affiliate,3350.47,97307,3352,160
2025-07-14,Frankfurt,Google Ads,13077.35,423878,7896,251
2025-07-14,Frankfurt,Meta,7830.79,223620,6140,202
2025-07-14,Frankfurt,Email,0.0,8789,338,17
2025-07-14,Frankfurt,Organic,0.0,19579,724,43
2025-07-14,Frankfurt,Affiliate,3583.93,124931,3486,238
2025-07-21,Frankfurt,Google Ads,12975.67,415533,14269,844
2025-07-21,Frankfurt,Meta,7306.27,255531,6630,449
2025-07-21,Frankfurt,Email,0.0,15680,505,33
2025-07-21,Frankfurt,Organic,0.0,33285,968,60
2025-07-21,Frankfurt,Affiliate,3830.69,127937,3977,278
2025-07-28,Frankfurt,Google Ads,13400.64,517956,15122,804
2025-07-28,Frankfurt,Meta,7514.09,241449,6917,323
2025-07-28,Frankfurt,Email,0.0,8170,362,21
2025-07-28,Frankfurt,Organic,0.0,24411,909,70
2025-07-28,Frankfurt,Affiliate,3667.19,102998,1673,58
2025-08-04,Frankfurt,Google Ads,11474.73,450654,13303,700
2025-08-04,Frankfurt,Meta,7463.29,216030,7092,390
2025-08-04,Frankfurt,Email,0.0,16877,834,42
2025-08-04,Frankfurt,Organic,0.0,39941,1129,78
2025-08-04,Frankfurt,Affiliate,3574.48,101670,3124,142
2025-08-11,Frankfurt,Google Ads,12714.22,379208,10139,580
2025-08-11,Frankfurt,Meta,7884.46,309090,5248,275
2025-08-11,Frankfurt,Email,0.0,12178,657,46
2025-08-11,Frankfurt,Organic,0.0,30429,975,41
2025-08-11,Frankfurt,Affiliate,3780.14,150971,4385,304
2025-08-18,Frankfurt,Google Ads,12248.93,372616,11251,616
2025-08-18,Frankfurt,Meta,8125.92,236397,5209,260
2025-08-18,Frankfurt,Email,0.0,16565,922,49
2025-08-18,Frankfurt,Organic,0.0,34078,828,65
2025-08-18,Frankfurt,Affiliate,3683.15,120905,3700,136
2025-08-25,Frankfurt,Google Ads,12496.67,470377,13904,966
2025-08-25,Frankfurt,Meta,7247.15,225543,4987,163
2025-08-25,Frankfurt,Email,0.0,17472,969,51
2025-08-25,Frankfurt,Organic,0.0,35937,756,42
2025-08-25,Frankfurt,Affiliate,3637.51,121319,2543,149
2025-09-01,Frankfurt,Google Ads,13761.79,536864,16619,523
2025-09-01,Frankfurt,Meta,7219.07,204910,3718,239
2025-09-01,Frankfurt,Email,0.0,12248,682,65
2025-09-01,Frankfurt,Organic,0.0,22415,537,36
2025-09-01,Frankfurt,Affiliate,3392.06,97571,2087,113
2025-09-08,Frankfurt,Google Ads,12803.95,512105,10921,697
2025-09-08,Frankfurt,Meta,8129.18,298376,9553,462
2025-09-08,Frankfurt,Email,0.0,11491,644,42
2025-09-08,Frankfurt,Organic,0.0,20504,652,48
2025-09-08,Frankfurt,Affiliate,4025.11,146752,3252,125
2025-09-15,Frankfurt,Google Ads,13985.89,530173,16564,716
2025-09-15,Frankfurt,Meta,7658.44,224639,4941,184
2025-09-15,Frankfurt,Email,0.0,18388,1086,96
2025-09-15,Frankfurt,Organic,0.0,29990,1088,48
2025-09-15,Frankfurt,Affiliate,3481.1,129940,3094,114
2025-09-22,Frankfurt,Google Ads,12664.18,375650,9157,569
2025-09-22,Frankfurt,Meta,7323.46,225694,3903,185
2025-09-22,Frankfurt,Email,0.0,18009,684,37
2025-09-22,Frankfurt,Organic,0.0,38488,1425,89
2025-09-22,Frankfurt,Affiliate,3581.69,138371,3975,267
2025-09-29,Frankfurt,Google Ads,11017.02,366352,11867,679
2025-09-29,Frankfurt,Meta,7770.88,257053,7786,393
2025-09-29,Frankfurt,Email,0.0,16014,712,50
2025-09-29,Frankfurt,Organic,0.0,37831,1048,76
2025-09-29,Frankfurt,Affiliate,3692.19,112059,1895,91
2025-10-06,Frankfurt,Google Ads,13270.32,447105,12495,547
2025-10-06,Frankfurt,Meta,7758.05,223819,6054,290
2025-10-06,Frankfurt,Email,0.0,18031,762,60
2025-10-06,Frankfurt,Organic,0.0,32295,963,54
2025-10-06,Frankfurt,Affiliate,2961.36,116508,2457,130
2025-10-13,Frankfurt,Google Ads,12619.62,388009,11016,354
2025-10-13,Frankfurt,Meta,7082.71,266150,6017,365
2025-10-13,Frankfurt,Email,0.0,9086,536,47
2025-10-13,Frankfurt,Organic,0.0,36141,953,63
2025-10-13,Frankfurt,Affiliate,3064.23,107656,3129,134
2025-10-20,Frankfurt,Google Ads,12553.16,420853,6795,421
2025-10-20,Frankfurt,Meta,7471.42,243826,5716,174
2025-10-20,Frankfurt,Email,0.0,19213,677,46
2025-10-20,Frankfurt,Organic,0.0,33296,872,54
2025-10-20,Frankfurt,Affiliate,3692.87,140723,2224,130
2025-10-27,Frankfurt,Google Ads,13034.53,464885,15027,681
2025-10-27,Frankfurt,Meta,7743.82,267107,7010,434
2025-10-27,Frankfurt,Email,0.0,10296,611,48
2025-10-27,Frankfurt,Organic,0.0,36159,1110,78
2025-10-27,Frankfurt,Affiliate,3327.24,103229,3592,210
2025-11-03,Frankfurt,Google Ads,13129.84,500925,16770,1101
2025-11-03,Frankfurt,Meta,7663.56,290794,7408,500
2025-11-03,Frankfurt,Email,0.0,16353,683,39
2025-11-03,Frankfurt,Organic,0.0,16382,594,45
2025-11-03,Frankfurt,Affiliate,3469.29,129479,2187,85
2025-11-10,Frankfurt,Google Ads,13225.53,478350,11410,548
2025-11-10,Frankfurt,Meta,7253.26,262365,6104,285
2025-11-10,Frankfurt,Email,0.0,19626,786,59
2025-11-10,Frankfurt,Organic,0.0,38149,1481,81
2025-11-10,Frankfurt,Affiliate,3652.47,111955,3845,253
2025-11-17,Frankfurt,Google Ads,13288.67,511709,8498,463
2025-11-17,Frankfurt,Meta,8446.68,315670,8925,476
2025-11-17,Frankfurt,Email,0.0,8477,270,22
2025-11-17,Frankfurt,Organic,0.0,23596,678,34
2025-11-17,Frankfurt,Affiliate,4068.97,113962,3014,147
2025-11-24,Frankfurt,Google Ads,12542.12,499962,13641,595
2025-11-24,Frankfurt,Meta,7457.44,282849,6802,432
2025-11-24,Frankfurt,Email,0.0,14775,868,85
2025-11-24,Frankfurt,Organic,0.0,38935,1089,73
2025-11-24,Frankfurt,Affiliate,3543.43,131859,2041,81
2025-12-01,Frankfurt,Google Ads,11124.27,361263,11663,698
2025-12-01,Frankfurt,Meta,8070.18,274065,6913,376
2025-12-01,Frankfurt,Email,0.0,8986,486,25
2025-12-01,Frankfurt,Organic,0.0,35894,1084,65
2025-12-01,Frankfurt,Affiliate,3324.61,106199,3481,238
2025-12-08,Frankfurt,Google Ads,13421.69,499384,11099,464
2025-12-08,Frankfurt,Meta,7090.2,252608,8512,553
2025-12-08,Frankfurt,Email,0.0,13630,590,35
2025-12-08,Frankfurt,Organic,0.0,19708,687,29
2025-12-08,Frankfurt,Affiliate,3999.66,153845,5319,161
2025-12-15,Frankfurt,Google Ads,13156.98,390909,11243,785
2025-12-15,Frankfurt,Meta,8236.89,249230,8708,289
2025-12-15,Frankfurt,Email,0.0,12677,532,45
2025-12-15,Frankfurt,Organic,0.0,21497,779,53
2025-12-15,Frankfurt,Affiliate,3223.26,124993,3827,231
2025-12-22,Frankfurt,Google Ads,11079.2,365479,9487,458
2025-12-22,Frankfurt,Meta,7072.11,205604,6585,232
2025-12-22,Frankfurt,Email,0.0,13797,479,27
2025-12-22,Frankfurt,Organic,0.0,23407,528,38
2025-12-22,Frankfurt,Affiliate,3892.49,121756,3743,185
2024-01-01,Stuttgart,Google Ads,13954.84,437401,10314,687
2024-01-01,Stuttgart,Meta,10465.18,377871,8292,257
2024-01-01,Stuttgart,Email,0.0,9319,383,25
2024-01-01,Stuttgart,Organic,0.0,34770,991,44
2024-01-01,Stuttgart,Affiliate,3397.95,121641,2173,139
2024-01-08,Stuttgart,Google Ads,13271.77,380642,6243,245
2024-01-08,Stuttgart,Meta,10452.54,336421,10141,461
2024-01-08,Stuttgart,Email,0.0,13227,666,49
2024-01-08,Stuttgart,Organic,0.0,30983,837,57
2024-01-08,Stuttgart,Affiliate,3115.26,117321,1897,80
2024-01-15,Stuttgart,Google Ads,14004.58,543981,10749,356
2024-01-15,Stuttgart,Meta,9460.47,269368,5635,207
2024-01-15,Stuttgart,Email,0.0,18501,1073,81
2024-01-15,Stuttgart,Organic,0.0,39086,813,33
2024-01-15,Stuttgart,Affiliate,3402.81,120792,3626,143
2024-01-22,Stuttgart,Google Ads,13925.04,492921,12211,552
2024-01-22,Stuttgart,Meta,10173.06,400231,7233,245
2024-01-22,Stuttgart,Email,0.0,9590,421,21
2024-01-22,Stuttgart,Organic,0.0,31564,820,58
2024-01-22,Stuttgart,Affiliate,3205.39,124746,2291,150
2024-01-29,Stuttgart,Google Ads,14846.94,444170,11388,621
2024-01-29,Stuttgart,Meta,9733.13,288253,6639,313
2024-01-29,Stuttgart,Email,0.0,11096,460,26
2024-01-29,Stuttgart,Organic,0.0,31257,729,50
2024-01-29,Stuttgart,Affiliate,3543.53,103097,1906,104
2024-02-05,Stuttgart,Google Ads,14734.97,575957,12004,582
2024-02-05,Stuttgart,Meta,9473.68,306836,9004,323
2024-02-05,Stuttgart,Email,0.0,13631,709,54
2024-02-05,Stuttgart,Organic,0.0,30738,1202,79
2024-02-05,Stuttgart,Affiliate,4094.25,162773,4546,202
2024-02-12,Stuttgart,Google Ads,14067.3,556929,16094,932
2024-02-12,Stuttgart,Meta,9293.73,297644,7627,515
2024-02-12,Stuttgart,Email,0.0,18886,760,62
2024-02-12,Stuttgart,Organic,0.0,22700,732,58
2024-02-12,Stuttgart,Affiliate,3282.7,100064,3364,232
2024-02-19,Stuttgart,Google Ads,14423.58,474114,14152,978
2024-02-19,Stuttgart,Meta,9360.6,370989,7258,347
2024-02-19,Stuttgart,Email,0.0,17882,1071,68
2024-02-19,Stuttgart,Organic,0.0,23568,686,47
2024-02-19,Stuttgart,Affiliate,3597.16,141886,4803,266
2024-02-26,Stuttgart,Google Ads,14050.65,514489,13650,738
2024-02-26,Stuttgart,Meta,9649.13,378181,13214,802
2024-02-26,Stuttgart,Email,0.0,17298,974,73
2024-02-26,Stuttgart,Organic,0.0,25824,1015,49
2024-02-26,Stuttgart,Affiliate,3230.6,114894,1748,99
2024-03-04,Stuttgart,Google Ads,13778.65,464927,15774,948
2024-03-04,Stuttgart,Meta,10389.97,408435,9739,333
2024-03-04,Stuttgart,Email,0.0,12492,573,50
2024-03-04,Stuttgart,Organic,0.0,15896,632,34
2024-03-04,Stuttgart,Affiliate,3026.77,105889,3004,160
2024-03-11,Stuttgart,Google Ads,14255.66,443973,6678,353
2024-03-11,Stuttgart,Meta,9503.25,316622,6698,266
2024-03-11,Stuttgart,Email,0.0,9855,495,36
2024-03-11,Stuttgart,Organic,0.0,21107,472,33
2024-03-11,Stuttgart,Affiliate,3840.87,116589,2561,162
2024-03-18,Stuttgart,Google Ads,12237.36,398291,10121,524
2024-03-18,Stuttgart,Meta,9678.94,354705,10078,465
2024-03-18,Stuttgart,Email,0.0,19930,1084,92
2024-03-18,Stuttgart,Organic,0.0,29508,622,47
2024-03-18,Stuttgart,Affiliate,3786.81,118562,3303,212
2024-03-25,Stuttgart,Google Ads,12505.41,381062,10187,657
2024-03-25,Stuttgart,Meta,11049.22,338492,5187,359
2024-03-25,Stuttgart,Email,0.0,16984,976,55
2024-03-25,Stuttgart,Organic,0.0,17824,648,37
2024-03-25,Stuttgart,Affiliate,3516.06,139796,4570,236
2024-04-01,Stuttgart,Google Ads,13383.67,511890,9731,667
2024-04-01,Stuttgart,Meta,9924.77,324438,4996,334
2024-04-01,Stuttgart,Email,0.0,15414,868,79
2024-04-01,Stuttgart,Organic,0.0,30926,677,40
2024-04-01,Stuttgart,Affiliate,3540.36,141455,3372,114
2024-04-08,Stuttgart,Google Ads,13966.66,454987,12613,560
2024-04-08,Stuttgart,Meta,10097.69,318540,8529,514
2024-04-08,Stuttgart,Email,0.0,18077,602,43
2024-04-08,Stuttgart,Organic,0.0,39899,1065,72
2024-04-08,Stuttgart,Affiliate,3669.54,107996,3443,143
2024-04-15,Stuttgart,Google Ads,13945.64,509816,10850,699
2024-04-15,Stuttgart,Meta,9708.93,374941,11581,617
2024-04-15,Stuttgart,Email,0.0,15021,692,38
2024-04-15,Stuttgart,Organic,0.0,38773,964,46
2024-04-15,Stuttgart,Affiliate,3251.44,104256,1791,106
2024-04-22,Stuttgart,Google Ads,13202.37,400728,12612,438
2024-04-22,Stuttgart,Meta,9370.58,303476,10409,689
2024-04-22,Stuttgart,Email,0.0,15344,834,54
2024-04-22,Stuttgart,Organic,0.0,29082,748,43
2024-04-22,Stuttgart,Affiliate,3344.95,117788,3821,139
2024-04-29,Stuttgart,Google Ads,14652.5,528065,9362,359
2024-04-29,Stuttgart,Meta,10887.4,407180,9876,377
2024-04-29,Stuttgart,Email,0.0,16742,588,49
2024-04-29,Stuttgart,Organic,0.0,17018,441,33
2024-04-29,Stuttgart,Affiliate,3331.98,117064,3615,140
2024-05-06,Stuttgart,Google Ads,14341.0,546488,18084,1243
2024-05-06,Stuttgart,Meta,10353.62,350389,6561,209
2024-05-06,Stuttgart,Email,0.0,18957,1042,59
2024-05-06,Stuttgart,Organic,0.0,34136,734,51
2024-05-06,Stuttgart,Affiliate,3469.29,128833,2355,135
2024-05-13,Stuttgart,Google Ads,13957.75,527563,15452,597
2024-05-13,Stuttgart,Meta,9310.87,275562,8633,300
2024-05-13,Stuttgart,Email,0.0,19373,858,64
2024-05-13,Stuttgart,Organic,0.0,36657,929,56
2024-05-13,Stuttgart,Affiliate,3499.1,138320,4215,204
2024-05-20,Stuttgart,Google Ads,13622.5,397200,13392,742
2024-05-20,Stuttgart,Meta,9358.78,346721,6239,301
2024-05-20,Stuttgart,Email,0.0,14215,570,54
2024-05-20,Stuttgart,Organic,0.0,34500,1097,83
2024-05-20,Stuttgart,Affiliate,2955.73,99504,3387,174
2024-05-27,Stuttgart,Google Ads,13762.81,426374,12521,481
2024-05-27,Stuttgart,Meta,10276.59,321604,8882,567
2024-05-27,Stuttgart,Email,0.0,19021,860,48
2024-05-27,Stuttgart,Organic,0.0,35746,1087,74
2024-05-27,Stuttgart,Affiliate,3130.84,96404,2385,160
2024-06-03,Stuttgart,Google Ads,12693.58,359228,10021,332
2024-06-03,Stuttgart,Meta,10273.03,312635,5525,316
2024-06-03,Stuttgart,Email,0.0,13374,570,48
2024-06-03,Stuttgart,Organic,0.0,39628,1515,84
2024-06-03,Stuttgart,Affiliate,3204.03,106301,3000,202
2024-06-10,Stuttgart,Google Ads,12967.64,436766,7175,495
2024-06-10,Stuttgart,Meta,10838.58,307258,8081,367
2024-06-10,Stuttgart,Email,0.0,12922,538,41
2024-06-10,Stuttgart,Organic,0.0,35576,1213,90
2024-06-10,Stuttgart,Affiliate,3696.53,118972,3678,133
2024-06-17,Stuttgart,Google Ads,13505.36,433774,14983,823
2024-06-17,Stuttgart,Meta,10027.47,384802,8759,316
2024-06-17,Stuttgart,Email,0.0,8961,360,28
2024-06-17,Stuttgart,Organic,0.0,34126,1175,70
2024-06-17,Stuttgart,Affiliate,3204.96,112254,2662,103
2024-06-24,Stuttgart,Google Ads,13780.07,500796,16804,854
2024-06-24,Stuttgart,Meta,9675.53,322520,5657,170
2024-06-24,Stuttgart,Email,0.0,15389,720,56
2024-06-24,Stuttgart,Organic,0.0,22855,550,22
2024-06-24,Stuttgart,Affiliate,3639.84,133555,2847,175
2024-07-01,Stuttgart,Google Ads,13311.09,398879,9410,346
2024-07-01,Stuttgart,Meta,9708.54,360909,10998,702
2024-07-01,Stuttgart,Email,0.0,13385,544,41
2024-07-01,Stuttgart,Organic,0.0,34351,968,67
2024-07-01,Stuttgart,Affiliate,3360.56,109908,1961,133
2024-07-08,Stuttgart,Google Ads,13638.73,433332,13699,889
2024-07-08,Stuttgart,Meta,10255.57,367197,5966,183
2024-07-08,Stuttgart,Email,0.0,14511,569,48
2024-07-08,Stuttgart,Organic,0.0,27582,1087,59
2024-07-08,Stuttgart,Affiliate,3549.58,106904,3174,185
2024-07-15,Stuttgart,Google Ads,14727.32,575211,13752,475
2024-07-15,Stuttgart,Meta,10161.46,299336,8752,320
2024-07-15,Stuttgart,Email,0.0,17418,948,93
2024-07-15,Stuttgart,Organic,0.0,32019,668,38
2024-07-15,Stuttgart,Affiliate,3636.35,103558,2427,132
2024-07-22,Stuttgart,Google Ads,13215.47,412464,6427,410
2024-07-22,Stuttgart,Meta,8916.66,323131,7829,489
2024-07-22,Stuttgart,Email,0.0,12722,444,44
2024-07-22,Stuttgart,Organic,0.0,16507,589,39
2024-07-22,Stuttgart,Affiliate,3591.4,133730,4045,197
2024-07-29,Stuttgart,Google Ads,13812.51,425333,7702,425
2024-07-29,Stuttgart,Meta,9892.15,338692,5839,405
2024-07-29,Stuttgart,Email,0.0,13354,778,49
2024-07-29,Stuttgart,Organic,0.0,15085,596,32
2024-07-29,Stuttgart,Affiliate,3397.16,107971,2798,161
2024-08-05,Stuttgart,Google Ads,14300.31,429330,13816,605
2024-08-05,Stuttgart,Meta,10662.32,415639,13937,657
2024-08-05,Stuttgart,Email,0.0,15372,899,45
2024-08-05,Stuttgart,Organic,0.0,25738,1005,50
2024-08-05,Stuttgart,Affiliate,3362.52,101143,3119,207
2024-08-12,Stuttgart,Google Ads,13542.39,439050,10255,448
2024-08-12,Stuttgart,Meta,9481.44,305540,9550,341
2024-08-12,Stuttgart,Email,0.0,15085,604,48
2024-08-12,Stuttgart,Organic,0.0,17686,482,29
2024-08-12,Stuttgart,Affiliate,3814.09,148710,4195,222
2024-08-19,Stuttgart,Google Ads,14464.87,518113,12239,715
2024-08-19,Stuttgart,Meta,9716.25,300474,7662,245
2024-08-19,Stuttgart,Email,0.0,17344,939,91
2024-08-19,Stuttgart,Organic,0.0,15716,436,31
2024-08-19,Stuttgart,Affiliate,3554.84,135810,2481,143
2024-08-26,Stuttgart,Google Ads,14639.37,507351,17590,541
2024-08-26,Stuttgart,Meta,9310.53,293882,9326,376
2024-08-26,Stuttgart,Email,0.0,18353,970,91
2024-08-26,Stuttgart,Organic,0.0,18211,727,44
2024-08-26,Stuttgart,Affiliate,3717.97,113046,3445,186
2024-09-02,Stuttgart,Google Ads,14549.2,482554,10379,456
2024-09-02,Stuttgart,Meta,9541.07,341761,11216,774
2024-09-02,Stuttgart,Email,0.0,8010,282,26
2024-09-02,Stuttgart,Organic,0.0,22341,627,30
2024-09-02,Stuttgart,Affiliate,3379.52,114963,2520,165
2024-09-09,Stuttgart,Google Ads,13114.5,447024,14667,516
2024-09-09,Stuttgart,Meta,9380.21,279786,6500,224
2024-09-09,Stuttgart,Email,0.0,15843,539,40
2024-09-09,Stuttgart,Organic,0.0,21150,467,26
2024-09-09,Stuttgart,Affiliate,2871.81,85640,1533,92
2024-09-16,Stuttgart,Google Ads,13888.97,392641,9398,526
2024-09-16,Stuttgart,Meta,10510.69,308415,8781,541
2024-09-16,Stuttgart,Email,0.0,19322,706,67
2024-09-16,Stuttgart,Organic,0.0,18098,616,29
2024-09-16,Stuttgart,Affiliate,3525.61,111976,3865,255
2024-09-23,Stuttgart,Google Ads,14304.63,515639,16481,761
2024-09-23,Stuttgart,Meta,9893.17,313771,4868,316
2024-09-23,Stuttgart,Email,0.0,8383,274,14
2024-09-23,Stuttgart,Organic,0.0,33036,673,42
2024-09-23,Stuttgart,Affiliate,3580.37,136744,2623,151
2024-09-30,Stuttgart,Google Ads,14742.34,562178,17217,810
2024-09-30,Stuttgart,Meta,9625.46,349265,7007,429
2024-09-30,Stuttgart,Email,0.0,16021,938,66
2024-09-30,Stuttgart,Organic,0.0,18303,492,21
2024-09-30,Stuttgart,Affiliate,3931.27,146481,2578,150
2024-10-07,Stuttgart,Google Ads,13344.58,386164,11654,462
2024-10-07,Stuttgart,Meta,10116.61,366447,6657,437
2024-10-07,Stuttgart,Email,0.0,10286,553,45
2024-10-07,Stuttgart,Organic,0.0,31991,1075,81
2024-10-07,Stuttgart,Affiliate,3533.62,137127,3905,189
2024-10-14,Stuttgart,Google Ads,14859.94,542689,9700,396
2024-10-14,Stuttgart,Meta,9470.86,308052,9928,425
2024-10-14,Stuttgart,Email,0.0,17620,601,38
2024-10-14,Stuttgart,Organic,0.0,19303,417,26
2024-10-14,Stuttgart,Affiliate,2990.4,85798,1924,111
2024-10-21,Stuttgart,Google Ads,13862.46,536448,8130,481
2024-10-21,Stuttgart,Meta,10096.21,349382,11205,412
2024-10-21,Stuttgart,Email,0.0,13059,471,27
2024-10-21,Stuttgart,Organic,0.0,16063,544,29
2024-10-21,Stuttgart,Affiliate,3574.24,136417,3216,96
2024-10-28,Stuttgart,Google Ads,14084.52,500770,16281,984
2024-10-28,Stuttgart,Meta,9922.56,299284,6168,263
2024-10-28,Stuttgart,Email,0.0,14584,594,57
2024-10-28,Stuttgart,Organic,0.0,33504,1231,94
2024-10-28,Stuttgart,Affiliate,3431.88,104838,3025,102
2024-11-04,Stuttgart,Google Ads,12980.24,458330,12909,421
2024-11-04,Stuttgart,Meta,10420.05,357012,10427,398
2024-11-04,Stuttgart,Email,0.0,8482,445,30
2024-11-04,Stuttgart,Organic,0.0,37907,1469,114
2024-11-04,Stuttgart,Affiliate,3793.9,148156,3392,207
2024-11-11,Stuttgart,Google Ads,12785.54,377933,12541,785
2024-11-11,Stuttgart,Meta,9445.47,299404,5111,289
2024-11-11,Stuttgart,Email,0.0,9152,277,23
2024-11-11,Stuttgart,Organic,0.0,32774,1184,72
2024-11-11,Stuttgart,Affiliate,3212.01,117069,3232,143
2024-11-18,Stuttgart,Google Ads,13665.92,459485,14729,780
2024-11-18,Stuttgart,Meta,10078.95,341564,8750,552
2024-11-18,Stuttgart,Email,0.0,14690,554,52
2024-11-18,Stuttgart,Organic,0.0,19125,649,44
2024-11-18,Stuttgart,Affiliate,3331.5,103363,3138,180
2024-11-25,Stuttgart,Google Ads,14908.67,485489,10583,367
2024-11-25,Stuttgart,Meta,9309.49,307157,7356,356
2024-11-25,Stuttgart,Email,0.0,14315,444,29
2024-11-25,Stuttgart,Organic,0.0,22138,446,21
2024-11-25,Stuttgart,Affiliate,3578.43,112405,3285,206
2024-12-02,Stuttgart,Google Ads,13634.83,538885,8663,418
2024-12-02,Stuttgart,Meta,8948.59,297231,9723,504
2024-12-02,Stuttgart,Email,0.0,16424,588,33
2024-12-02,Stuttgart,Organic,0.0,37388,1407,87
2024-12-02,Stuttgart,Affiliate,3257.62,119305,3036,144
2024-12-09,Stuttgart,Google Ads,14214.99,513690,11145,529
2024-12-09,Stuttgart,Meta,10943.27,330460,6522,202
2024-12-09,Stuttgart,Email,0.0,10235,414,31
2024-12-09,Stuttgart,Organic,0.0,38229,1321,69
2024-12-09,Stuttgart,Affiliate,3555.15,117066,3886,151
2024-12-16,Stuttgart,Google Ads,14366.19,451963,7220,265
2024-12-16,Stuttgart,Meta,10411.7,331157,10630,404
2024-12-16,Stuttgart,Email,0.0,11826,681,54
2024-12-16,Stuttgart,Organic,0.0,35382,1199,89
2024-12-16,Stuttgart,Affiliate,4020.73,134369,4649,277
2024-12-23,Stuttgart,Google Ads,14320.5,506002,14500,612
2024-12-23,Stuttgart,Meta,10184.54,359869,6112,356
2024-12-23,Stuttgart,Email,0.0,14463,838,65
2024-12-23,Stuttgart,Organic,0.0,17797,479,24
2024-12-23,Stuttgart,Affiliate,3618.67,124790,3400,131
2024-12-30,Stuttgart,Google Ads,14000.14,478126,10592,589
2024-12-30,Stuttgart,Meta,10094.34,330135,6676,386
2024-12-30,Stuttgart,Email,0.0,8646,293,21
2024-12-30,Stuttgart,Organic,0.0,23273,633,34
2024-12-30,Stuttgart,Affiliate,2932.22,113189,3140,95
2025-01-06,Stuttgart,Google Ads,14523.7,447641,7732,431
2025-01-06,Stuttgart,Meta,9580.48,343209,6735,286
2025-01-06,Stuttgart,Email,0.0,17706,764,59
2025-01-06,Stuttgart,Organic,0.0,27186,889,65
2025-01-06,Stuttgart,Affiliate,3310.21,122386,4131,277
2025-01-13,Stuttgart,Google Ads,13243.91,449543,8897,473
2025-01-13,Stuttgart,Meta,10535.37,318102,5318,200
2025-01-13,Stuttgart,Email,0.0,14580,786,50
2025-01-13,Stuttgart,Organic,0.0,18899,572,26
2025-01-13,Stuttgart,Affiliate,3076.4,107217,3286,105
2025-01-20,Stuttgart,Google Ads,13235.85,410578,9147,623
2025-01-20,Stuttgart,Meta,9744.57,329658,6583,271
2025-01-20,Stuttgart,Email,0.0,10686,473,42
2025-01-20,Stuttgart,Organic,0.0,27613,1008,77
2025-01-20,Stuttgart,Affiliate,3883.4,152049,4916,289
2025-01-27,Stuttgart,Google Ads,14110.06,547779,16716,833
2025-01-27,Stuttgart,Meta,9737.54,311186,9552,547
2025-01-27,Stuttgart,Email,0.0,18677,916,66
2025-01-27,Stuttgart,Organic,0.0,20199,448,29
2025-01-27,Stuttgart,Affiliate,3655.8,127059,2006,120
2025-02-03,Stuttgart,Google Ads,13554.01,477247,15681,713
2025-02-03,Stuttgart,Meta,10038.95,336466,5723,277
2025-02-03,Stuttgart,Email,0.0,8246,489,29
2025-02-03,Stuttgart,Organic,0.0,30380,912,47
2025-02-03,Stuttgart,Affiliate,3615.81,125033,2021,98
2025-02-10,Stuttgart,Google Ads,14334.31,572308,17679,1125
2025-02-10,Stuttgart,Meta,8984.23,272552,4955,263
2025-02-10,Stuttgart,Email,0.0,18660,605,56
2025-02-10,Stuttgart,Organic,0.0,35876,814,40
2025-02-10,Stuttgart,Affiliate,3393.91,117504,3608,163
2025-02-17,Stuttgart,Google Ads,13745.46,449255,11920,400
2025-02-17,Stuttgart,Meta,9599.38,341301,7088,378
2025-02-17,Stuttgart,Email,0.0,19075,724,46
2025-02-17,Stuttgart,Organic,0.0,19728,653,50
2025-02-17,Stuttgart,Affiliate,4169.23,162540,3235,214
2025-02-24,Stuttgart,Google Ads,14502.6,517256,17345,1139
2025-02-24,Stuttgart,Meta,9936.75,323269,7242,473
2025-02-24,Stuttgart,Email,0.0,18152,904,74
2025-02-24,Stuttgart,Organic,0.0,33624,704,39
2025-02-24,Stuttgart,Affiliate,3117.04,124666,2030,67
2025-03-03,Stuttgart,Google Ads,13800.32,426349,14863,885
2025-03-03,Stuttgart,Meta,10082.8,300333,5648,354
2025-03-03,Stuttgart,Email,0.0,8138,320,19
2025-03-03,Stuttgart,Organic,0.0,34569,1249,80
2025-03-03,Stuttgart,Affiliate,3465.05,99966,1980,75
2025-03-10,Stuttgart,Google Ads,13995.49,459498,7144,350
2025-03-10,Stuttgart,Meta,10119.33,367504,6086,196
2025-03-10,Stuttgart,Email,0.0,9188,545,28
2025-03-10,Stuttgart,Organic,0.0,27486,1049,75
2025-03-10,Stuttgart,Affiliate,3153.43,106945,2861,178
2025-03-17,Stuttgart,Google Ads,13716.97,393943,13444,531
2025-03-17,Stuttgart,Meta,8692.16,344185,9148,457
2025-03-17,Stuttgart,Email,0.0,9875,427,42
2025-03-17,Stuttgart,Organic,0.0,36582,861,66
2025-03-17,Stuttgart,Affiliate,3451.96,104958,3352,138
2025-03-24,Stuttgart,Google Ads,14272.11,456880,8248,343
2025-03-24,Stuttgart,Meta,10092.9,348153,9232,294
2025-03-24,Stuttgart,Email,0.0,13076,681,39
2025-03-24,Stuttgart,Organic,0.0,24234,829,48
2025-03-24,Stuttgart,Affiliate,3425.02,116335,2049,75
2025-03-31,Stuttgart,Google Ads,14310.44,560610,9803,679
2025-03-31,Stuttgart,Meta,10465.3,339425,9744,422
2025-03-31,Stuttgart,Email,0.0,17865,784,59
2025-03-31,Stuttgart,Organic,0.0,37159,812,53
2025-03-31,Stuttgart,Affiliate,3428.2,126645,3040,105
2025-04-07,Stuttgart,Google Ads,14380.98,427353,8686,496
2025-04-07,Stuttgart,Meta,10354.66,327973,5460,179
2025-04-07,Stuttgart,Email,0.0,9328,498,46
2025-04-07,Stuttgart,Organic,0.0,24344,932,40
2025-04-07,Stuttgart,Affiliate,3071.18,93683,1434,78
2025-04-14,Stuttgart,Google Ads,13728.54,388797,7220,424
2025-04-14,Stuttgart,Meta,10046.04,292232,9619,662
2025-04-14,Stuttgart,Email,0.0,11582,451,43
2025-04-14,Stuttgart,Organic,0.0,28744,790,33
2025-04-14,Stuttgart,Affiliate,3824.14,133918,4401,146
2025-04-21,Stuttgart,Google Ads,12816.63,388199,6899,339
2025-04-21,Stuttgart,Meta,10534.1,377172,11400,393
2025-04-21,Stuttgart,Email,0.0,9471,450,24
2025-04-21,Stuttgart,Organic,0.0,35794,1359,90
2025-04-21,Stuttgart,Affiliate,3319.16,106363,1602,92
2025-04-28,Stuttgart,Google Ads,12332.24,369533,7575,387
2025-04-28,Stuttgart,Meta,9950.33,297143,5185,180
2025-04-28,Stuttgart,Email,0.0,12574,491,24
2025-04-28,Stuttgart,Organic,0.0,34046,1239,75
2025-04-28,Stuttgart,Affiliate,2996.76,98756,2087,141
2025-05-05,Stuttgart,Google Ads,13399.97,461684,9706,402
2025-05-05,Stuttgart,Meta,10869.2,366290,11548,543
2025-05-05,Stuttgart,Email,0.0,10815,495,39
2025-05-05,Stuttgart,Organic,0.0,22369,776,51
2025-05-05,Stuttgart,Affiliate,3238.61,117567,1854,57
2025-05-12,Stuttgart,Google Ads,13442.34,495552,13000,465
2025-05-12,Stuttgart,Meta,9901.13,300181,10378,700
2025-05-12,Stuttgart,Email,0.0,11400,476,36
2025-05-12,Stuttgart,Organic,0.0,19028,642,40
2025-05-12,Stuttgart,Affiliate,3405.97,100164,2792,140
2025-05-19,Stuttgart,Google Ads,15230.94,595428,15700,1020
2025-05-19,Stuttgart,Meta,10559.1,368183,8784,383
2025-05-19,Stuttgart,Email,0.0,17868,564,54
2025-05-19,Stuttgart,Organic,0.0,30099,1197,62
2025-05-19,Stuttgart,Affiliate,3850.22,143306,2663,94
2025-05-26,Stuttgart,Google Ads,13848.06,550064,10829,720
2025-05-26,Stuttgart,Meta,9705.38,286345,9427,323
2025-05-26,Stuttgart,Email,0.0,12779,596,44
2025-05-26,Stuttgart,Organic,0.0,35684,1366,98
2025-05-26,Stuttgart,Affiliate,3212.23,101087,2395,159
2025-06-02,Stuttgart,Google Ads,13169.04,505440,13475,879
2025-06-02,Stuttgart,Meta,10203.93,404420,9687,438
2025-06-02,Stuttgart,Email,0.0,16628,531,51
2025-06-02,Stuttgart,Organic,0.0,38516,1502,77
2025-06-02,Stuttgart,Affiliate,3239.83,126176,3631,144
2025-06-09,Stuttgart,Google Ads,12717.91,381195,11806,679
2025-06-09,Stuttgart,Meta,9477.88,370454,9864,427
2025-06-09,Stuttgart,Email,0.0,19866,1097,94
2025-06-09,Stuttgart,Organic,0.0,34319,1350,83
2025-06-09,Stuttgart,Affiliate,3424.46,125308,3533,214
2025-06-16,Stuttgart,Google Ads,14125.78,421414,10835,755
2025-06-16,Stuttgart,Meta,10841.46,383630,10218,495
2025-06-16,Stuttgart,Email,0.0,13654,720,38
2025-06-16,Stuttgart,Organic,0.0,35609,871,45
2025-06-16,Stuttgart,Affiliate,3104.53,112210,2753,109
2025-06-23,Stuttgart,Google Ads,14349.09,547984,15642,713
2025-06-23,Stuttgart,Meta,10290.35,350191,10981,707
2025-06-23,Stuttgart,Email,0.0,8728,426,23
2025-06-23,Stuttgart,Organic,0.0,39072,1090,72
2025-06-23,Stuttgart,Affiliate,3167.74,94311,2200,138
2025-06-30,Stuttgart,Google Ads,14245.69,475254,11958,590
2025-06-30,Stuttgart,Meta,11167.36,439758,9723,494
2025-06-30,Stuttgart,Email,0.0,18460,1074,71
2025-06-30,Stuttgart,Organic,0.0,37132,1096,55
2025-06-30,Stuttgart,Affiliate,3032.59,97505,2080,124
2025-07-07,Stuttgart,Google Ads,14017.65,542126,18309,981
2025-07-07,Stuttgart,Meta,10079.31,346515,9398,359
2025-07-07,Stuttgart,Email,0.0,17095,797,58
2025-07-07,Stuttgart,Organic,0.0,32132,1203,88
2025-07-07,Stuttgart,Affiliate,3591.04,114803,3720,188
2025-07-14,Stuttgart,Google Ads,15039.61,523878,18101,637
2025-07-14,Stuttgart,Meta,10671.08,373205,7096,244
2025-07-14,Stuttgart,Email,0.0,19702,833,67
2025-07-14,Stuttgart,Organic,0.0,31819,815,56
2025-07-14,Stuttgart,Affiliate,3477.13,124525,2884,93
2025-07-21,Stuttgart,Google Ads,13246.44,377015,11711,679
2025-07-21,Stuttgart,Meta,9938.7,366013,9221,528
2025-07-21,Stuttgart,Email,0.0,8341,318,22
2025-07-21,Stuttgart,Organic,0.0,24777,702,50
2025-07-21,Stuttgart,Affiliate,3359.18,120036,3662,136
2025-07-28,Stuttgart,Google Ads,15006.96,547028,10628,720
2025-07-28,Stuttgart,Meta,10044.74,368356,7701,308
2025-07-28,Stuttgart,Email,0.0,8317,399,39
2025-07-28,Stuttgart,Organic,0.0,34965,835,46
2025-07-28,Stuttgart,Affiliate,2933.79,114770,1969,133
2025-08-04,Stuttgart,Google Ads,13979.0,507862,10283,650
2025-08-04,Stuttgart,Meta,9010.08,331456,6899,337
2025-08-04,Stuttgart,Email,0.0,19019,1063,63
2025-08-04,Stuttgart,Organic,0.0,34256,710,30
2025-08-04,Stuttgart,Affiliate,4062.99,120884,3194,211
2025-08-11,Stuttgart,Google Ads,14622.91,440154,9764,540
2025-08-11,Stuttgart,Meta,10209.75,384347,12161,700
2025-08-11,Stuttgart,Email,0.0,8104,372,32
2025-08-11,Stuttgart,Organic,0.0,38912,1528,81
2025-08-11,Stuttgart,Affiliate,3716.07,119254,3279,191
2025-08-18,Stuttgart,Google Ads,13676.46,391457,8076,365
2025-08-18,Stuttgart,Meta,10653.49,346245,7216,504
2025-08-18,Stuttgart,Email,0.0,9550,526,41
2025-08-18,Stuttgart,Organic,0.0,32647,1135,46
2025-08-18,Stuttgart,Affiliate,3400.44,111220,3326,122
2025-08-25,Stuttgart,Google Ads,13507.63,519368,9204,413
2025-08-25,Stuttgart,Meta,10612.61,334528,6135,272
2025-08-25,Stuttgart,Email,0.0,15812,601,47
2025-08-25,Stuttgart,Organic,0.0,26161,877,66
2025-08-25,Stuttgart,Affiliate,3335.81,106601,2272,87
2025-09-01,Stuttgart,Google Ads,15402.31,494442,7622,367
2025-09-01,Stuttgart,Meta,9336.53,302803,8545,349
2025-09-01,Stuttgart,Email,0.0,10918,352,30
2025-09-01,Stuttgart,Organic,0.0,26521,907,56
2025-09-01,Stuttgart,Affiliate,3505.99,114333,2407,166
2025-09-08,Stuttgart,Google Ads,13856.96,449230,13146,819
2025-09-08,Stuttgart,Meta,9458.32,360835,6051,351
2025-09-08,Stuttgart,Email,0.0,13058,687,65
2025-09-08,Stuttgart,Organic,0.0,39937,1032,60
2025-09-08,Stuttgart,Affiliate,3275.61,107642,3667,247
2025-09-15,Stuttgart,Google Ads,14174.87,416419,10845,609
2025-09-15,Stuttgart,Meta,10263.79,388136,11165,460
2025-09-15,Stuttgart,Email,0.0,9093,509,47
2025-09-15,Stuttgart,Organic,0.0,24962,582,29
2025-09-15,Stuttgart,Affiliate,3398.7,128858,4372,182
2025-09-22,Stuttgart,Google Ads,12703.83,405239,14027,711
2025-09-22,Stuttgart,Meta,9537.32,318844,5441,233
2025-09-22,Stuttgart,Email,0.0,18792,747,45
2025-09-22,Stuttgart,Organic,0.0,20180,475,37
2025-09-22,Stuttgart,Affiliate,3233.1,102248,2591,150
2025-09-29,Stuttgart,Google Ads,15384.48,583036,11549,642
2025-09-29,Stuttgart,Meta,10153.3,402849,14027,827
2025-09-29,Stuttgart,Email,0.0,8268,337,31
2025-09-29,Stuttgart,Organic,0.0,36995,1322,57
2025-09-29,Stuttgart,Affiliate,3444.83,127060,3288,222
2025-10-06,Stuttgart,Google Ads,14565.07,407867,6795,444
2025-10-06,Stuttgart,Meta,9741.93,274060,7081,394
2025-10-06,Stuttgart,Email,0.0,19490,764,71
2025-10-06,Stuttgart,Organic,0.0,31180,914,69
2025-10-06,Stuttgart,Affiliate,3467.82,106473,2977,168
2025-10-13,Stuttgart,Google Ads,13688.32,519823,17282,1016
2025-10-13,Stuttgart,Meta,9506.29,339019,8911,597
2025-10-13,Stuttgart,Email,0.0,16449,516,44
2025-10-13,Stuttgart,Organic,0.0,32197,693,37
2025-10-13,Stuttgart,Affiliate,3327.57,131270,2569,90
2025-10-20,Stuttgart,Google Ads,14044.56,551668,11212,471
2025-10-20,Stuttgart,Meta,10505.35,384251,10948,702
2025-10-20,Stuttgart,Email,0.0,10386,498,44
2025-10-20,Stuttgart,Organic,0.0,15201,410,27
2025-10-20,Stuttgart,Affiliate,4137.44,123240,2208,149
2025-10-27,Stuttgart,Google Ads,14029.81,413303,11642,405
2025-10-27,Stuttgart,Meta,10485.9,329986,10165,697
2025-10-27,Stuttgart,Email,0.0,11569,431,40
2025-10-27,Stuttgart,Organic,0.0,28479,1056,47
2025-10-27,Stuttgart,Affiliate,3487.4,103227,3473,223
2025-11-03,Stuttgart,Google Ads,14585.69,519717,16152,961
2025-11-03,Stuttgart,Meta,8761.57,309439,8963,577
2025-11-03,Stuttgart,Email,0.0,11144,399,24
2025-11-03,Stuttgart,Organic,0.0,29153,707,28
2025-11-03,Stuttgart,Affiliate,3219.56,98710,3232,194
2025-11-10,Stuttgart,Google Ads,14042.26,482649,15358,1022
2025-11-10,Stuttgart,Meta,10111.27,362853,8958,434
2025-11-10,Stuttgart,Email,0.0,15759,915,47
2025-11-10,Stuttgart,Organic,0.0,16150,481,25
2025-11-10,Stuttgart,Affiliate,3378.55,116084,1774,65
2025-11-17,Stuttgart,Google Ads,13291.92,512169,7684,446
2025-11-17,Stuttgart,Meta,10463.83,404771,9059,341
2025-11-17,Stuttgart,Email,0.0,18175,876,84
2025-11-17,Stuttgart,Organic,0.0,17214,391,21
2025-11-17,Stuttgart,Affiliate,3452.61,127009,2810,152
2025-11-24,Stuttgart,Google Ads,13889.6,414585,6594,315
2025-11-24,Stuttgart,Meta,9801.29,365318,8649,600
2025-11-24,Stuttgart,Email,0.0,8910,529,28
2025-11-24,Stuttgart,Organic,0.0,17668,446,23
2025-11-24,Stuttgart,Affiliate,3072.64,101378,2836,176
2025-12-01,Stuttgart,Google Ads,12900.14,467241,8155,497
2025-12-01,Stuttgart,Meta,9958.25,325678,11028,668
2025-12-01,Stuttgart,Email,0.0,19329,716,39
2025-12-01,Stuttgart,Organic,0.0,39751,1323,77
2025-12-01,Stuttgart,Affiliate,3464.64,102290,1966,107
2025-12-08,Stuttgart,Google Ads,14032.13,529433,15856,628
2025-12-08,Stuttgart,Meta,9460.96,271590,4562,229
2025-12-08,Stuttgart,Email,0.0,12189,436,26
2025-12-08,Stuttgart,Organic,0.0,27719,641,50
2025-12-08,Stuttgart,Affiliate,3089.43,102477,2296,141
2025-12-15,Stuttgart,Google Ads,13355.14,461133,12038,625
2025-12-15,Stuttgart,Meta,10559.64,305141,6128,233
2025-12-15,Stuttgart,Email,0.0,17490,906,79
2025-12-15,Stuttgart,Organic,0.0,23332,927,64
2025-12-15,Stuttgart,Affiliate,3323.49,132614,3224,186
2025-12-22,Stuttgart,Google Ads,14697.74,527460,9516,323
2025-12-22,Stuttgart,Meta,9749.77,327863,5622,181
2025-12-22,Stuttgart,Email,0.0,10251,317,16
2025-12-22,Stuttgart,Organic,0.0,18804,725,56
2025-12-22,Stuttgart,Affiliate,3723.67,123849,2764,85
